image_name,robot_base_coordinate,robot_target_coordinate,detection
"[39.1, -258.3, 60.8, -92.39, 42.9, 176.08]_4448.jpg","[50.1, -168.4, 336.9, -169.77, -42.18, -92.87]","[39.1, -258.3, 60.8, -92.39, 42.9, 176.08]","0,0.173523,0.799687,0.291922,0.400625"
"[39.1, -258.3, 60.8, -92.39, 42.9, 176.08]_9557.jpg","[51.8, -168.3, 332.5, -139.57, -2.02, -163.43]","[39.1, -258.3, 60.8, -92.39, 42.9, 176.08]","0,0.258953,0.851906,0.308531,0.296188"
"[39.1, -258.3, 60.8, -92.39, 42.9, 176.08]_4087.jpg","[50.2, -168.7, 319.8, -160.82, 27.09, 145.33]","[39.1, -258.3, 60.8, -92.39, 42.9, 176.08]","0,0.854664,0.874844,0.282422,0.250312"
"[39.1, -258.3, 60.8, -92.39, 42.9, 176.08]_1113.jpg","[51.7, -168.4, 321.5, -159.12, 27.22, 147.93]","[39.1, -258.3, 60.8, -92.39, 42.9, 176.08]","0,0.884016,0.689573,0.231969,0.452521"
"[39.1, -258.3, 60.8, -92.39, 42.9, 176.08]_2363.jpg","[78.4, 4.9, 346.2, -132.15, 35.21, 160.13]","[39.1, -258.3, 60.8, -92.39, 42.9, 176.08]","0,0.900039,0.740198,0.199922,0.462021"
"[39.1, -258.3, 60.8, -92.39, 42.9, 176.08]_6872.jpg","[80.2, 16.3, 327.4, -129.03, 35.73, 161.77]","[39.1, -258.3, 60.8, -92.39, 42.9, 176.08]","0,0.861047,0.880135,0.192281,0.238604"
"[39.1, -258.3, 60.8, -92.39, 42.9, 176.08]_5882.jpg","[79.0, 4.1, 310.3, -131.39, 35.46, 158.19]","[39.1, -258.3, 60.8, -92.39, 42.9, 176.08]","0,0.850461,0.876156,0.192578,0.246021"
"[39.1, -258.3, 60.8, -92.39, 42.9, 176.08]_8054.jpg","[79.2, 4.8, 310.5, -131.14, 35.48, 158.45]","[39.1, -258.3, 60.8, -92.39, 42.9, 176.08]","0,0.815297,0.822010,0.206813,0.351687"
"[39.1, -258.3, 60.8, -92.39, 42.9, 176.08]_6870.jpg","[81.4, 8.6, 316.3, -120.36, 21.34, 175.11]","[39.1, -258.3, 60.8, -92.39, 42.9, 176.08]","0,0.831102,0.817906,0.205141,0.362063"
"[39.1, -258.3, 60.8, -92.39, 42.9, 176.08]_3205.jpg","[108.5, -13.3, 306.3, -107.72, 21.55, 159.61]","[39.1, -258.3, 60.8, -92.39, 42.9, 176.08]","0,0.798297,0.947625,0.191062,0.104750"
"[39.1, -258.3, 60.8, -92.39, 42.9, 176.08]_8799.jpg","[98.1, -24.0, 278.9, -129.61, 27.18, 152.37]","[39.1, -258.3, 60.8, -92.39, 42.9, 176.08]","0,0.608719,0.294271,0.241906,0.429375"
"[39.1, -258.3, 60.8, -92.39, 42.9, 176.08]_6196.jpg","[112.1, -43.1, 263.2, -125.87, 32.86, 147.34]","[39.1, -258.3, 60.8, -92.39, 42.9, 176.08]","0,0.721789,0.680198,0.231672,0.415813"
"[39.1, -258.3, 60.8, -92.39, 42.9, 176.08]_9465.jpg","[109.6, -44.6, 255.6, -131.8, 34.51, 144.28]","[39.1, -258.3, 60.8, -92.39, 42.9, 176.08]","0,0.679523,0.806438,0.245578,0.382250"
"[39.1, -258.3, 60.8, -92.39, 42.9, 176.08]_2673.jpg","[99.7, 18.2, 259.4, -129.61, 17.7, 154.54]","[39.1, -258.3, 60.8, -92.39, 42.9, 176.08]","0,0.742898,0.633104,0.252547,0.450958"
"[39.1, -258.3, 60.8, -92.39, 42.9, 176.08]_7707.jpg","[72.8, 75.1, 271.3, -119.98, 17.03, -171.68]","[39.1, -258.3, 60.8, -92.39, 42.9, 176.08]","0,0.666492,0.302802,0.232391,0.403437"
"[39.1, -258.3, 60.8, -92.39, 42.9, 176.08]_7297.jpg","[30.3, -145.2, 316.3, -143.71, 22.56, 156.11]","[39.1, -258.3, 60.8, -92.39, 42.9, 176.08]","0,0.619406,0.846552,0.217969,0.305979"
"[39.1, -258.3, 60.8, -92.39, 42.9, 176.08]_8378.jpg","[27.1, -157.6, 305.6, -148.65, 22.3, 154.77]","[39.1, -258.3, 60.8, -92.39, 42.9, 176.08]","0,0.601305,0.836875,0.293109,0.326250"
"[39.1, -258.3, 60.8, -92.39, 42.9, 176.08]_1865.jpg","[26.1, -157.9, 304.2, -149.57, 21.96, 153.67]","[39.1, -258.3, 60.8, -92.39, 42.9, 176.08]","0,0.660641,0.756021,0.316844,0.484167"
"[39.1, -258.3, 60.8, -92.39, 42.9, 176.08]_4402.jpg","[13.6, -194.9, 285.5, -149.79, 21.09, 154.31]","[39.1, -258.3, 60.8, -92.39, 42.9, 176.08]","0,0.646406,0.697479,0.321594,0.474667"
"[39.1, -258.3, 60.8, -92.39, 42.9, 176.08]_1824.jpg","[68.9, -35.2, 318.8, -133.46, 21.97, 159.76]","[39.1, -258.3, 60.8, -92.39, 42.9, 176.08]","0,0.552656,0.779917,0.383281,0.440167"
"[39.1, -258.3, 60.8, -92.39, 42.9, 176.08]_4697.jpg","[82.4, 2.3, 308.2, -125.13, 21.83, 162.78]","[39.1, -258.3, 60.8, -92.39, 42.9, 176.08]","0,0.673609,0.762833,0.227656,0.363875"
"[39.1, -258.3, 60.8, -92.39, 42.9, 176.08]_1043.jpg","[83.2, 4.2, 312.3, -121.79, 21.35, 164.68]","[39.1, -258.3, 60.8, -92.39, 42.9, 176.08]","0,0.677719,0.817885,0.227719,0.359146"
"[39.1, -258.3, 60.8, -92.39, 42.9, 176.08]_1200.jpg","[82.5, 2.4, 308.5, -133.44, -39.39, -151.37]","[39.1, -258.3, 60.8, -92.39, 42.9, 176.08]","0,0.654016,0.884104,0.217062,0.230750"
"[39.1, -258.3, 60.8, -92.39, 42.9, 176.08]_0111.jpg","[82.0, 1.6, 306.4, -138.63, -42.55, -144.78]","[39.1, -258.3, 60.8, -92.39, 42.9, 176.08]","0,0.554438,0.887344,0.280062,0.224688"
"[39.1, -258.3, 60.8, -92.39, 42.9, 176.08]_3412.jpg","[82.0, 1.6, 306.4, 172.72, -56.13, -83.56]","[39.1, -258.3, 60.8, -92.39, 42.9, 176.08]","0,0.594187,0.884344,0.276500,0.231312"
"[39.1, -258.3, 60.8, -92.39, 42.9, 176.08]_0135.jpg","[98.3, 46.5, 292.0, 124.07, -57.2, -33.88]","[39.1, -258.3, 60.8, -92.39, 42.9, 176.08]","0,0.559203,0.845625,0.251531,0.308750"
"[39.1, -258.3, 60.8, -92.39, 42.9, 176.08]_9491.jpg","[100.6, 53.0, 277.2, 126.31, -56.12, -35.51]","[39.1, -258.3, 60.8, -92.39, 42.9, 176.08]","0,0.424492,0.407938,0.198172,0.344917"
"[39.1, -258.3, 60.8, -92.39, 42.9, 176.08]_0294.jpg","[100.0, 51.7, 277.1, 127.5, -55.43, -36.22]","[39.1, -258.3, 60.8, -92.39, 42.9, 176.08]","0,0.455945,0.560625,0.194609,0.349667"
"[39.1, -258.3, 60.8, -92.39, 42.9, 176.08]_3496.jpg","[99.5, 50.2, 275.8, -118.0, 38.77, 157.77]","[39.1, -258.3, 60.8, -92.39, 42.9, 176.08]","0,0.461289,0.585938,0.198172,0.352833"
"[39.1, -258.3, 60.8, -92.39, 42.9, 176.08]_6474.jpg","[99.2, 49.2, 274.2, -121.74, 42.91, 153.3]","[39.1, -258.3, 60.8, -92.39, 42.9, 176.08]","0,0.685398,0.886021,0.192234,0.226542"
"[39.1, -258.3, 60.8, -92.39, 42.9, 176.08]_7158.jpg","[101.1, 54.4, 273.9, -117.47, 43.29, 156.19]","[39.1, -258.3, 60.8, -92.39, 42.9, 176.08]","0,0.689742,0.853406,0.195516,0.292521"
"[39.1, -258.3, 60.8, -92.39, 42.9, 176.08]_9181.jpg","[158.1, 5.8, 190.2, -97.11, 44.11, 153.28]","[39.1, -258.3, 60.8, -92.39, 42.9, 176.08]","0,0.685961,0.901656,0.191203,0.195438"
"[39.1, -258.3, 60.8, -92.39, 42.9, 176.08]_8560.jpg","[143.3, -1.3, 175.1, -109.28, -20.67, 164.21]","[39.1, -258.3, 60.8, -92.39, 42.9, 176.08]","0,0.509344,0.776594,0.313281,0.332271"
"[39.1, -258.3, 60.8, -92.39, 42.9, 176.08]_9914.jpg","[142.2, -4.7, 172.1, -111.52, -18.79, 166.17]","[39.1, -258.3, 60.8, -92.39, 42.9, 176.08]","0,0.613766,0.517896,0.318031,0.352833"
"[39.1, -258.3, 60.8, -92.39, 42.9, 176.08]_4279.jpg","[144.0, -0.9, 177.8, -108.07, -25.25, 162.87]","[39.1, -258.3, 60.8, -92.39, 42.9, 176.08]","0,0.690906,0.545583,0.320406,0.367083"
"[39.1, -258.3, 60.8, -92.39, 42.9, 176.08]_9120.jpg","[148.7, -52.7, 205.1, -100.91, -25.99, 152.12]","[39.1, -258.3, 60.8, -92.39, 42.9, 176.08]","0,0.498070,0.509198,0.319203,0.319604"
"[39.1, -258.3, 60.8, -92.39, 42.9, 176.08]_7526.jpg","[120.8, -85.9, 176.8, -114.19, -3.92, 154.18]","[39.1, -258.3, 60.8, -92.39, 42.9, 176.08]","0,0.189539,0.514729,0.342953,0.368667"
"[39.1, -258.3, 60.8, -92.39, 42.9, 176.08]_3727.jpg","[120.6, -85.1, 177.4, -114.4, -4.72, 152.9]","[39.1, -258.3, 60.8, -92.39, 42.9, 176.08]","0,0.588258,0.438000,0.421266,0.534792"
"[39.1, -258.3, 60.8, -92.39, 42.9, 176.08]_0458.jpg","[114.5, 2.0, 245.8, -125.69, -14.28, 177.08]","[39.1, -258.3, 60.8, -92.39, 42.9, 176.08]","0,0.548508,0.401604,0.422453,0.531625"
"[39.1, -258.3, 60.8, -92.39, 42.9, 176.08]_1712.jpg","[59.3, -55.3, 351.0, -117.35, -30.16, -174.45]","[39.1, -258.3, 60.8, -92.39, 42.9, 176.08]","0,0.827375,0.532927,0.303781,0.360729"
"[39.1, -258.3, 60.8, -92.39, 42.9, 176.08]_2776.jpg","[37.8, -102.0, 337.4, -131.88, -24.82, -164.17]","[39.1, -258.3, 60.8, -92.39, 42.9, 176.08]","0,0.113484,0.768562,0.226969,0.301000"
"[39.1, -258.3, 60.8, -92.39, 42.9, 176.08]_8055.jpg","[38.2, -106.0, 321.5, -151.78, 34.41, 136.17]","[39.1, -258.3, 60.8, -92.39, 42.9, 176.08]","0,0.318297,0.727542,0.310906,0.338583"
"[39.1, -258.3, 60.8, -92.39, 42.9, 176.08]_6262.jpg","[44.2, -93.3, 357.5, -115.11, 20.56, 165.44]","[39.1, -258.3, 60.8, -92.39, 42.9, 176.08]","0,0.595969,0.745729,0.263438,0.419292"
"[39.1, -258.3, 60.8, -92.39, 42.9, 176.08]_7985.jpg","[10.8, 22.5, 318.2, 161.17, -61.64, -70.88]","[39.1, -258.3, 60.8, -92.39, 42.9, 176.08]","0,0.483836,0.308250,0.248016,0.344917"
"[39.1, -258.3, 60.8, -92.39, 42.9, 176.08]_2191.jpg","[11.7, 21.8, 314.9, 172.19, -62.26, -84.97]","[39.1, -258.3, 60.8, -92.39, 42.9, 176.08]","0,0.632164,0.350187,0.245641,0.352833"
"[39.1, -258.3, 60.8, -92.39, 42.9, 176.08]_4337.jpg","[1.6, 21.4, 329.3, -115.42, -47.3, -170.73]","[39.1, -258.3, 60.8, -92.39, 42.9, 176.08]","0,0.670133,0.394479,0.248016,0.352833"
"[39.1, -258.3, 60.8, -92.39, 42.9, 176.08]_2666.jpg","[16.2, 23.2, 304.8, -124.26, -5.38, -178.14]","[39.1, -258.3, 60.8, -92.39, 42.9, 176.08]","0,0.082062,0.122052,0.163625,0.243146"
"[39.1, -258.3, 60.8, -92.39, 42.9, 176.08]_6653.jpg","[-76.9, 72.3, 235.3, -118.77, 39.06, 175.29]","[39.1, -258.3, 60.8, -92.39, 42.9, 176.08]","0,0.548250,0.869542,0.191594,0.259917"
"[39.1, -258.3, 60.8, -92.39, 42.9, 176.08]_5063.jpg","[-77.4, 73.4, 214.1, -121.17, 34.95, 175.15]","[39.1, -258.3, 60.8, -92.39, 42.9, 176.08]","0,0.449188,0.730521,0.187406,0.339042"
"[39.1, -258.3, 60.8, -92.39, 42.9, 176.08]_1039.jpg","[-76.9, 73.7, 212.6, -121.7, 34.55, 175.53]","[39.1, -258.3, 60.8, -92.39, 42.9, 176.08]","0,0.479133,0.485552,0.192516,0.347813"
"[39.1, -258.3, 60.8, -92.39, 42.9, 176.08]_6385.jpg","[-82.2, 75.7, 193.6, -120.28, 36.07, 175.64]","[39.1, -258.3, 60.8, -92.39, 42.9, 176.08]","0,0.500797,0.464656,0.191688,0.346354"
"[39.1, -258.3, 60.8, -92.39, 42.9, 176.08]_6271.jpg","[-83.3, 76.3, 196.1, -119.21, 37.12, 176.74]","[39.1, -258.3, 60.8, -92.39, 42.9, 176.08]","0,0.467555,0.425667,0.195016,0.351250"
"[39.1, -258.3, 60.8, -92.39, 42.9, 176.08]_8748.jpg","[-58.6, 65.0, 243.1, -124.89, 26.42, 175.09]","[39.1, -258.3, 60.8, -92.39, 42.9, 176.08]","0,0.484938,0.477031,0.193531,0.354771"
"[39.1, -258.3, 60.8, -92.39, 42.9, 176.08]_4991.jpg","[-38.6, 56.2, 271.0, -126.83, 25.97, 175.16]","[39.1, -258.3, 60.8, -92.39, 42.9, 176.08]","0,0.534641,0.418542,0.195937,0.355208"
"[39.1, -258.3, 60.8, -92.39, 42.9, 176.08]_2935.jpg","[-17.0, 48.0, 286.4, -131.46, 26.04, 173.99]","[39.1, -258.3, 60.8, -92.39, 42.9, 176.08]","0,0.597875,0.491292,0.199688,0.363292"
"[39.1, -258.3, 60.8, -92.39, 42.9, 176.08]_8527.jpg","[0.0, 42.7, 288.4, -134.7, 22.3, 167.35]","[39.1, -258.3, 60.8, -92.39, 42.9, 176.08]","0,0.727906,0.515896,0.203406,0.360792"
"[39.1, -258.3, 60.8, -92.39, 42.9, 176.08]_2987.jpg","[-53.0, 62.6, 284.4, -119.01, 40.75, 175.79]","[39.1, -258.3, 60.8, -92.39, 42.9, 176.08]","0,0.676820,0.339042,0.214234,0.365000"
"[39.1, -258.3, 60.8, -92.39, 42.9, 176.08]_1966.jpg","[-98.0, 56.2, 220.7, -115.81, 40.08, -174.4]","[39.1, -258.3, 60.8, -92.39, 42.9, 176.08]","0,0.588039,0.860594,0.185828,0.278021"
"[39.1, -258.3, 60.8, -92.39, 42.9, 176.08]_0634.jpg","[-95.6, 55.3, 217.0, -116.83, 36.26, -175.09]","[39.1, -258.3, 60.8, -92.39, 42.9, 176.08]","0,0.615297,0.717344,0.196875,0.352021"
"[39.1, -258.3, 60.8, -92.39, 42.9, 176.08]_9848.jpg","[-94.8, 56.6, 219.8, -117.22, 37.91, -175.06]","[39.1, -258.3, 60.8, -92.39, 42.9, 176.08]","0,0.593578,0.652677,0.197312,0.356354"
"[39.1, -258.3, 60.8, -92.39, 42.9, 176.08]_9346.jpg","[-93.8, 56.4, 217.8, -117.95, 36.77, -175.5]","[39.1, -258.3, 60.8, -92.39, 42.9, 176.08]","0,0.610977,0.658010,0.196266,0.352604"
"[39.1, -258.3, 60.8, -92.39, 42.9, 176.08]_9257.jpg","[-91.2, 56.4, 212.0, -120.19, 34.51, -176.38]","[39.1, -258.3, 60.8, -92.39, 42.9, 176.08]","0,0.610219,0.625260,0.196437,0.355771"
"[39.1, -258.3, 60.8, -92.39, 42.9, 176.08]_7672.jpg","[18.2, 58.4, 304.9, -132.67, 44.7, 149.94]","[39.1, -258.3, 60.8, -92.39, 42.9, 176.08]","0,0.626203,0.531781,0.198219,0.355021"
"[39.1, -258.3, 60.8, -92.39, 42.9, 176.08]_8249.jpg","[71.6, -26.7, 324.2, -147.56, 34.65, 140.92]","[39.1, -258.3, 60.8, -92.39, 42.9, 176.08]","0,0.493836,0.773948,0.186703,0.336812"
"[39.1, -258.3, 60.8, -92.39, 42.9, 176.08]_8424.jpg","[71.6, -25.6, 329.6, -145.84, 37.89, 142.91]","[39.1, -258.3, 60.8, -92.39, 42.9, 176.08]","0,0.669273,0.576844,0.226641,0.386104"
"[39.1, -258.3, 60.8, -92.39, 42.9, 176.08]_4150.jpg","[71.6, -22.4, 335.2, -144.09, 41.14, 146.51]","[39.1, -258.3, 60.8, -92.39, 42.9, 176.08]","0,0.734750,0.682115,0.220375,0.380354"
"[39.1, -258.3, 60.8, -92.39, 42.9, 176.08]_9486.jpg","[10.5, 83.7, 274.6, -138.87, 48.33, 152.19]","[39.1, -258.3, 60.8, -92.39, 42.9, 176.08]","0,0.844164,0.804573,0.211141,0.371563"
"[39.1, -258.3, 60.8, -92.39, 42.9, 176.08]_1158.jpg","[-92.9, 66.5, 225.5, -119.48, 49.81, -178.45]","[39.1, -258.3, 60.8, -92.39, 42.9, 176.08]","0,0.696078,0.477250,0.186562,0.344958"
"[39.1, -258.3, 60.8, -92.39, 42.9, 176.08]_6369.jpg","[-108.3, 48.6, 204.3, -117.81, 49.01, -173.2]","[39.1, -258.3, 60.8, -92.39, 42.9, 176.08]","0,0.676883,0.717833,0.189734,0.348500"
"[39.1, -258.3, 60.8, -92.39, 42.9, 176.08]_9858.jpg","[-109.3, 48.3, 204.6, -116.88, 48.76, -173.15]","[39.1, -258.3, 60.8, -92.39, 42.9, 176.08]","0,0.704789,0.659198,0.201891,0.365271"
"[39.1, -258.3, 60.8, -92.39, 42.9, 176.08]_2850.jpg","[-106.9, 47.8, 201.5, -117.79, 45.45, -173.43]","[39.1, -258.3, 60.8, -92.39, 42.9, 176.08]","0,0.681797,0.680646,0.201312,0.366542"
"[39.1, -258.3, 60.8, -92.39, 42.9, 176.08]_3080.jpg","[-66.5, 42.3, 282.5, -126.88, 50.34, 177.31]","[39.1, -258.3, 60.8, -92.39, 42.9, 176.08]","0,0.678422,0.640437,0.202594,0.368833"
"[39.1, -258.3, 60.8, -92.39, 42.9, 176.08]_4450.jpg","[32.6, 19.3, 308.3, -136.85, 29.28, 155.08]","[39.1, -258.3, 60.8, -92.39, 42.9, 176.08]","0,0.778742,0.836208,0.193703,0.326708"
"[39.1, -258.3, 60.8, -92.39, 42.9, 176.08]_7825.jpg","[32.4, 19.7, 307.1, -137.86, 29.26, 153.66]","[39.1, -258.3, 60.8, -92.39, 42.9, 176.08]","0,0.571391,0.555208,0.208875,0.366875"
"[39.1, -258.3, 60.8, -92.39, 42.9, 176.08]_6467.jpg","[32.5, 19.7, 308.2, -137.82, 29.91, 153.79]","[39.1, -258.3, 60.8, -92.39, 42.9, 176.08]","0,0.538633,0.495000,0.209859,0.370417"
"[39.1, -258.3, 60.8, -92.39, 42.9, 176.08]_2178.jpg","[32.2, 19.6, 309.0, -137.35, 30.2, 153.93]","[39.1, -258.3, 60.8, -92.39, 42.9, 176.08]","0,0.550664,0.525156,0.210453,0.375938"
"[39.1, -258.3, 60.8, -92.39, 42.9, 176.08]_9509.jpg","[32.3, 19.5, 308.2, -137.34, 29.66, 153.89]","[39.1, -258.3, 60.8, -92.39, 42.9, 176.08]","0,0.548781,0.543667,0.209000,0.373792"
"[39.1, -258.3, 60.8, -92.39, 42.9, 176.08]_4905.jpg","[-3.1, 43.1, 301.6, -136.61, 40.41, 155.21]","[39.1, -258.3, 60.8, -92.39, 42.9, 176.08]","0,0.540016,0.539604,0.208719,0.381375"
"[39.1, -258.3, 60.8, -92.39, 42.9, 176.08]_3921.jpg","[-60.8, 78.2, 251.5, -132.12, 54.86, 158.38]","[39.1, -258.3, 60.8, -92.39, 42.9, 176.08]","0,0.566625,0.637333,0.198375,0.360042"
"[39.1, -258.3, 60.8, -92.39, 42.9, 176.08]_5600.jpg","[-67.0, 82.0, 238.2, -131.37, 56.01, 158.91]","[39.1, -258.3, 60.8, -92.39, 42.9, 176.08]","0,0.520281,0.708844,0.196938,0.346479"
"[39.1, -258.3, 60.8, -92.39, 42.9, 176.08]_5974.jpg","[35.2, 17.3, 321.5, -136.22, 37.79, 153.81]","[39.1, -258.3, 60.8, -92.39, 42.9, 176.08]","0,0.498016,0.681385,0.202437,0.342354"
"[39.1, -258.3, 60.8, -92.39, 42.9, 176.08]_9665.jpg","[116.0, -39.6, 335.2, -127.38, 41.66, 153.42]","[39.1, -258.3, 60.8, -92.39, 42.9, 176.08]","0,0.619328,0.770062,0.204469,0.344542"
"[39.1, -258.3, 60.8, -92.39, 42.9, 176.08]_7379.jpg","[0.3, 39.5, 313.0, -135.74, 45.82, 153.4]","[39.1, -258.3, 60.8, -92.39, 42.9, 176.08]","0,0.634531,0.838833,0.208781,0.321208"
"[39.1, -258.3, 60.8, -92.39, 42.9, 176.08]_6301.jpg","[-36.3, 63.6, 281.0, -136.31, 50.39, 153.6]","[39.1, -258.3, 60.8, -92.39, 42.9, 176.08]","0,0.582461,0.809437,0.194984,0.350917"
"[39.1, -258.3, 60.8, -92.39, 42.9, 176.08]_4504.jpg","[-36.8, 63.8, 279.7, -136.57, 49.74, 154.43]","[39.1, -258.3, 60.8, -92.39, 42.9, 176.08]","0,0.521203,0.727687,0.192094,0.340208"
"[39.1, -258.3, 60.8, -92.39, 42.9, 176.08]_8977.jpg","[-36.1, 63.6, 279.1, -136.75, 49.15, 154.7]","[39.1, -258.3, 60.8, -92.39, 42.9, 176.08]","0,0.534289,0.682792,0.192328,0.355292"
"[39.1, -258.3, 60.8, -92.39, 42.9, 176.08]_8272.jpg","[-40.2, 66.4, 281.4, -136.19, 53.13, 155.47]","[39.1, -258.3, 60.8, -92.39, 42.9, 176.08]","0,0.541312,0.666521,0.188531,0.350875"
"[39.1, -258.3, 60.8, -92.39, 42.9, 176.08]_2836.jpg","[-84.5, 91.9, 193.5, -132.19, 68.4, 156.04]","[39.1, -258.3, 60.8, -92.39, 42.9, 176.08]","0,0.595969,0.745635,0.197094,0.347729"
"[39.1, -258.3, 60.8, -92.39, 42.9, 176.08]_7831.jpg","[-80.9, 90.3, 193.0, -132.34, 64.5, 156.57]","[39.1, -258.3, 60.8, -92.39, 42.9, 176.08]","0,0.485266,0.731094,0.233031,0.335229"
"[39.1, -258.3, 60.8, -92.39, 42.9, 176.08]_6564.jpg","[-44.7, 70.2, 270.9, -136.87, 52.81, 154.66]","[39.1, -258.3, 60.8, -92.39, 42.9, 176.08]","0,0.462656,0.654740,0.224813,0.348771"
"[39.1, -258.3, 60.8, -92.39, 42.9, 176.08]_9282.jpg","[34.1, 18.0, 309.9, -137.68, 31.22, 152.29]","[39.1, -258.3, 60.8, -92.39, 42.9, 176.08]","0,0.551867,0.670312,0.197047,0.341833"
"[39.1, -258.3, 60.8, -92.39, 42.9, 176.08]_9808.jpg","[163.9, -77.0, 314.0, -120.39, 59.6, 149.42]","[39.1, -258.3, 60.8, -92.39, 42.9, 176.08]","0,0.542000,0.595479,0.208375,0.366208"
"[39.1, -258.3, 60.8, -92.39, 42.9, 176.08]_2283.jpg","[0.5, 23.0, 384.9, -84.29, 48.5, 174.57]","[39.1, -258.3, 60.8, -92.39, 42.9, 176.08]","0,0.886344,0.785656,0.226250,0.427646"
"[39.1, -258.3, 60.8, -92.39, 42.9, 176.08]_8545.jpg","[15.5, 45.5, 307.0, -144.78, 48.44, 133.73]","[39.1, -258.3, 60.8, -92.39, 42.9, 176.08]","0,0.663539,0.788969,0.193703,0.339688"
"[39.1, -258.3, 60.8, -92.39, 42.9, 176.08]_5167.jpg","[42.9, 40.8, 317.0, -140.81, 51.82, 135.94]","[39.1, -258.3, 60.8, -92.39, 42.9, 176.08]","0,0.406672,0.627000,0.208094,0.356375"
"[39.1, -258.3, 60.8, -92.39, 42.9, 176.08]_8866.jpg","[43.8, 38.4, 311.3, -132.64, 37.46, 150.07]","[39.1, -258.3, 60.8, -92.39, 42.9, 176.08]","0,0.568336,0.835021,0.202484,0.327875"
"[39.1, -258.3, 60.8, -92.39, 42.9, 176.08]_6261.jpg","[43.7, 38.5, 312.2, -130.5, 35.33, 152.93]","[39.1, -258.3, 60.8, -92.39, 42.9, 176.08]","0,0.536969,0.671333,0.195531,0.352583"
"[39.1, -258.3, 60.8, -92.39, 42.9, 176.08]_3578.jpg","[36.3, 103.5, 256.0, -115.39, 42.81, 157.23]","[39.1, -258.3, 60.8, -92.39, 42.9, 176.08]","0,0.539078,0.699917,0.197844,0.356500"
"[39.1, -258.3, 60.8, -92.39, 42.9, 176.08]_3985.jpg","[35.2, 114.8, 214.8, -116.18, 42.38, 156.46]","[39.1, -258.3, 60.8, -92.39, 42.9, 176.08]","0,0.416164,0.817281,0.178359,0.323604"
"[39.1, -258.3, 60.8, -92.39, 42.9, 176.08]_4373.jpg","[36.0, 115.6, 205.0, -116.03, 42.32, 155.98]","[39.1, -258.3, 60.8, -92.39, 42.9, 176.08]","0,0.388164,0.620448,0.178422,0.319021"
"[39.1, -258.3, 60.8, -92.39, 42.9, 176.08]_0246.jpg","[35.8, 116.9, 205.7, -114.82, 42.88, 156.8]","[39.1, -258.3, 60.8, -92.39, 42.9, 176.08]","0,0.371797,0.583698,0.180219,0.328812"
"[39.1, -258.3, 60.8, -92.39, 42.9, 176.08]_7763.jpg","[34.2, 125.9, 208.6, -104.51, 46.23, 164.0]","[39.1, -258.3, 60.8, -92.39, 42.9, 176.08]","0,0.373125,0.623667,0.178469,0.327958"
"[39.1, -258.3, 60.8, -92.39, 42.9, 176.08]_3993.jpg","[34.7, 123.8, 204.2, -107.26, 45.35, 162.21]","[39.1, -258.3, 60.8, -92.39, 42.9, 176.08]","0,0.394055,0.879479,0.171984,0.239958"
"[39.1, -258.3, 60.8, -92.39, 42.9, 176.08]_5852.jpg","[55.6, -11.7, 338.6, -123.79, 24.27, 157.61]","[39.1, -258.3, 60.8, -92.39, 42.9, 176.08]","0,0.390703,0.825542,0.173281,0.310500"
"[39.1, -258.3, 60.8, -92.39, 42.9, 176.08]_7081.jpg","[46.7, 22.0, 374.2, -89.13, -14.31, 170.9]","[39.1, -258.3, 60.8, -92.39, 42.9, 176.08]","0,0.435258,0.894885,0.204766,0.209104"
"[39.1, -258.3, 60.8, -92.39, 42.9, 176.08]_2562.jpg","[40.2, 46.3, 310.8, -103.66, -5.79, 175.41]","[39.1, -258.3, 60.8, -92.39, 42.9, 176.08]","0,0.029797,0.521062,0.059594,0.238917"
"[39.1, -258.3, 60.8, -92.39, 42.9, 176.08]_9259.jpg","[41.8, 44.0, 306.1, -112.52, 40.36, 160.22]","[39.1, -258.3, 60.8, -92.39, 42.9, 176.08]","0,0.119523,0.861354,0.238516,0.277292"
"[39.1, -258.3, 60.8, -92.39, 42.9, 176.08]_4118.jpg","[59.5, -21.3, 309.3, -139.25, 12.02, 158.92]","[39.1, -258.3, 60.8, -92.39, 42.9, 176.08]","0,0.573102,0.446792,0.216422,0.375708"
"[39.1, -258.3, 60.8, -92.39, 42.9, 176.08]_9252.jpg","[65.2, -46.4, 306.1, -144.82, 12.12, 153.41]","[39.1, -258.3, 60.8, -92.39, 42.9, 176.08]","0,0.654539,0.264083,0.243922,0.385792"
"[39.1, -258.3, 60.8, -92.39, 42.9, 176.08]_1317.jpg","[64.5, -43.9, 324.9, -131.96, 9.44, 166.08]","[39.1, -258.3, 60.8, -92.39, 42.9, 176.08]","0,0.719977,0.146219,0.274109,0.292438"
"[39.1, -258.3, 60.8, -92.39, 42.9, 176.08]_8706.jpg","[64.5, -43.8, 323.0, -133.02, 8.69, 165.96]","[39.1, -258.3, 60.8, -92.39, 42.9, 176.08]","0,0.606555,0.660583,0.261641,0.368125"
"[39.1, -258.3, 60.8, -92.39, 42.9, 176.08]_7558.jpg","[116.9, -152.1, 295.1, -131.87, 7.53, 176.15]","[39.1, -258.3, 60.8, -92.39, 42.9, 176.08]","0,0.618273,0.614948,0.266484,0.365771"
"[39.1, -258.3, 60.8, -92.39, 42.9, 176.08]_9221.jpg","[188.5, -161.5, 172.9, -177.08, -65.54, -124.23]","[39.1, -258.3, 60.8, -92.39, 42.9, 176.08]","0,0.460688,0.935000,0.256313,0.130000"
"[39.1, -258.3, 60.8, -92.39, 42.9, 176.08]_4951.jpg","[206.1, -144.2, 137.8, 146.55, -55.77, -84.95]","[39.1, -258.3, 60.8, -92.39, 42.9, 176.08]","0,0.385336,0.893833,0.323953,0.212333"
"[39.1, -258.3, 60.8, -92.39, 42.9, 176.08]_8087.jpg","[201.1, -140.6, 172.5, 121.31, -64.4, -63.29]","[39.1, -258.3, 60.8, -92.39, 42.9, 176.08]","0,0.466031,0.536885,0.342938,0.580688"
"[39.1, -258.3, 60.8, -92.39, 42.9, 176.08]_4822.jpg","[153.1, -95.3, 299.5, 153.7, -65.92, -78.85]","[39.1, -258.3, 60.8, -92.39, 42.9, 176.08]","0,0.422125,0.581969,0.345313,0.563271"
"[39.1, -258.3, 60.8, -92.39, 42.9, 176.08]_5826.jpg","[90.2, -46.3, 356.2, -146.31, -77.62, -139.38]","[39.1, -258.3, 60.8, -92.39, 42.9, 176.08]","0,0.209711,0.258406,0.276484,0.454104"
"[39.1, -258.3, 60.8, -92.39, 42.9, 176.08]_7493.jpg","[147.9, -83.6, 318.8, -111.07, 19.99, 171.46]","[39.1, -258.3, 60.8, -92.39, 42.9, 176.08]","0,0.437156,0.520667,0.260125,0.364667"
"[39.1, -258.3, 60.8, -92.39, 42.9, 176.08]_5924.jpg","[108.4, -1.3, 205.0, -103.6, 54.0, 153.36]","[39.1, -258.3, 60.8, -92.39, 42.9, 176.08]","0,0.111797,0.265771,0.223594,0.437458"
"[39.1, -258.3, 60.8, -92.39, 42.9, 176.08]_9037.jpg","[122.6, -4.2, 124.5, -95.02, 6.84, 157.73]","[39.1, -258.3, 60.8, -92.39, 42.9, 176.08]","0,0.492000,0.947417,0.228344,0.104083"
"[39.1, -258.3, 60.8, -92.39, 42.9, 176.08]_2510.jpg","[123.0, -4.5, 124.6, -95.56, -35.78, 163.02]","[39.1, -258.3, 60.8, -92.39, 42.9, 176.08]","0,0.375250,0.669792,0.296656,0.435125"
"[39.1, -258.3, 60.8, -92.39, 42.9, 176.08]_9120.jpg","[124.3, -4.7, 125.3, -102.85, -70.41, 171.89]","[39.1, -258.3, 60.8, -92.39, 42.9, 176.08]","0,0.498070,0.509198,0.319203,0.319604"
"[39.1, -258.3, 60.8, -92.39, 42.9, 176.08]_1500.jpg","[171.5, -13.1, 134.7, 79.55, -69.68, -12.43]","[39.1, -258.3, 60.8, -92.39, 42.9, 176.08]","0,0.668953,0.488625,0.342938,0.398708"
"[39.1, -258.3, 60.8, -92.39, 42.9, 176.08]_6234.jpg","[173.3, -13.6, 134.2, 80.67, -68.27, -12.42]","[39.1, -258.3, 60.8, -92.39, 42.9, 176.08]","0,0.499852,0.294802,0.287172,0.444604"
"[39.1, -258.3, 60.8, -92.39, 42.9, 176.08]_4404.jpg","[174.5, -13.9, 133.9, 81.43, -67.39, -12.4]","[39.1, -258.3, 60.8, -92.39, 42.9, 176.08]","0,0.473148,0.324865,0.283609,0.441437"
"[39.1, -258.3, 60.8, -92.39, 42.9, 176.08]_2061.jpg","[183.9, -15.4, 131.3, 80.86, -60.61, -11.51]","[39.1, -258.3, 60.8, -92.39, 42.9, 176.08]","0,0.456539,0.339115,0.285984,0.441438"
"[39.1, -258.3, 60.8, -92.39, 42.9, 176.08]_1953.jpg","[105.3, -1.3, 109.1, -101.8, -49.36, 170.48]","[39.1, -258.3, 60.8, -92.39, 42.9, 176.08]","0,0.347961,0.370750,0.251578,0.406625"
"[39.1, -258.3, 60.8, -92.39, 42.9, 176.08]_6327.jpg","[103.0, -1.4, 105.9, -98.51, -45.49, 170.59]","[39.1, -258.3, 60.8, -92.39, 42.9, 176.08]","0,0.738375,0.480719,0.306156,0.329104"
"[39.1, -258.3, 60.8, -92.39, 42.9, 176.08]_3495.jpg","[-143.8, 41.2, 297.1, -96.02, -18.94, 171.09]","[39.1, -258.3, 60.8, -92.39, 42.9, 176.08]","0,0.709297,0.580396,0.304969,0.322792"
"[39.1, -258.3, 60.8, -92.39, 42.9, 176.08]_7896.jpg","[-151.0, 50.5, 189.1, 100.96, -67.42, 11.14]","[39.1, -258.3, 60.8, -92.39, 42.9, 176.08]","0,0.904195,0.366000,0.191609,0.365500"
"[39.1, -258.3, 60.8, -92.39, 42.9, 176.08]_1727.jpg","[-156.8, 50.5, 189.6, -95.02, -63.03, -156.44]","[39.1, -258.3, 60.8, -92.39, 42.9, 176.08]","0,0.688531,0.295604,0.225469,0.357583"
"[39.1, -258.3, 60.8, -92.39, 42.9, 176.08]_9703.jpg","[-164.1, 50.4, 184.5, -90.24, 19.21, -164.34]","[39.1, -258.3, 60.8, -92.39, 42.9, 176.08]","0,0.433398,0.232312,0.251578,0.303792"
"[39.1, -258.3, 60.8, -92.39, 42.9, 176.08]_6465.jpg","[-157.1, 57.4, 175.9, -85.3, 32.79, -143.84]","[39.1, -258.3, 60.8, -92.39, 42.9, 176.08]","0,0.083102,0.884698,0.165734,0.229521"
"[39.1, -258.3, 60.8, -92.39, 42.9, 176.08]_8900.jpg","[-130.0, 49.1, 144.3, -101.52, 12.06, -157.07]","[39.1, -258.3, 60.8, -92.39, 42.9, 176.08]","0,0.480898,0.786750,0.230703,0.354833"
"[39.1, -258.3, 60.8, -92.39, 42.9, 176.08]_2328.jpg","[-125.4, 47.4, 139.0, -104.17, 7.68, -159.96]","[39.1, -258.3, 60.8, -92.39, 42.9, 176.08]","0,0.610969,0.672490,0.255625,0.366562"
"[39.1, -258.3, 60.8, -92.39, 42.9, 176.08]_7114.jpg","[-128.5, 48.5, 143.4, -102.34, 10.93, -158.47]","[39.1, -258.3, 60.8, -92.39, 42.9, 176.08]","0,0.600625,0.506188,0.267219,0.375875"
"[39.1, -258.3, 60.8, -92.39, 42.9, 176.08]_5430.jpg","[-34.2, 146.5, 294.3, -81.0, 36.78, 176.38]","[39.1, -258.3, 60.8, -92.39, 42.9, 176.08]","0,0.615547,0.579594,0.264625,0.374979"
"[39.1, -258.3, 60.8, -92.39, 42.9, 176.08]_3264.jpg","[-132.3, -82.1, 137.5, 102.05, 72.25, 59.91]","[39.1, -258.3, 60.8, -92.39, 42.9, 176.08]","0,0.857320,0.255240,0.285359,0.507896"
"[39.1, -258.3, 60.8, -92.39, 42.9, 176.08]_5609.jpg","[-131.6, -79.0, 119.3, 98.47, 57.57, 59.58]","[39.1, -258.3, 60.8, -92.39, 42.9, 176.08]","0,0.834492,0.455396,0.329891,0.433542"
"[39.1, -258.3, 60.8, -92.39, 42.9, 176.08]_6292.jpg","[-133.8, -81.0, 120.4, 96.67, 56.99, 55.63]","[39.1, -258.3, 60.8, -92.39, 42.9, 176.08]","0,0.649969,0.172323,0.361937,0.344646"
"[39.1, -258.3, 60.8, -92.39, 42.9, 176.08]_1620.jpg","[-150.7, -17.1, 121.7, 99.58, 54.14, 46.21]","[39.1, -258.3, 60.8, -92.39, 42.9, 176.08]","0,0.657680,0.290844,0.365484,0.379729"
"[39.1, -258.3, 60.8, -92.39, 42.9, 176.08]_1486.jpg","[-148.5, -13.5, 121.9, 100.24, 53.3, 53.86]","[39.1, -258.3, 60.8, -92.39, 42.9, 176.08]","0,0.525367,0.551917,0.293109,0.306958"
"[39.1, -258.3, 60.8, -92.39, 42.9, 176.08]_5976.jpg","[-148.6, -13.8, 121.9, 100.23, 53.24, 53.3]","[39.1, -258.3, 60.8, -92.39, 42.9, 176.08]","0,0.521805,0.222812,0.293109,0.310125"
"[39.1, -258.3, 60.8, -92.39, 42.9, 176.08]_0099.jpg","[-148.7, -13.9, 121.9, 100.16, 53.08, 53.14]","[39.1, -258.3, 60.8, -92.39, 42.9, 176.08]","0,0.525961,0.255250,0.299047,0.311708"
"[39.1, -258.3, 60.8, -92.39, 42.9, 176.08]_8680.jpg","[-149.3, -1.8, 180.7, -108.77, 47.31, -159.04]","[39.1, -258.3, 60.8, -92.39, 42.9, 176.08]","0,0.519430,0.257625,0.290734,0.310125"
"[39.1, -258.3, 60.8, -92.39, 42.9, 176.08]_3889.jpg","[-146.9, -1.6, 177.3, -107.74, 39.75, -158.44]","[39.1, -258.3, 60.8, -92.39, 42.9, 176.08]","0,0.638547,0.569688,0.216656,0.393417"
"[39.1, -258.3, 60.8, -92.39, 42.9, 176.08]_4665.jpg","[-149.8, -2.8, 163.4, -105.69, 42.63, -157.93]","[39.1, -258.3, 60.8, -92.39, 42.9, 176.08]","0,0.624773,0.554271,0.220047,0.393833"
"[39.1, -258.3, 60.8, -92.39, 42.9, 176.08]_8283.jpg","[-150.0, -2.7, 163.2, -105.65, 43.03, -158.31]","[39.1, -258.3, 60.8, -92.39, 42.9, 176.08]","0,0.604656,0.491365,0.223906,0.395021"
"[39.1, -258.3, 60.8, -92.39, 42.9, 176.08]_4136.jpg","[-146.4, 1.0, 124.1, 102.04, 46.7, 50.45]","[39.1, -258.3, 60.8, -92.39, 42.9, 176.08]","0,0.591305,0.505125,0.223359,0.396583"
"[39.1, -258.3, 60.8, -92.39, 42.9, 176.08]_3882.jpg","[-144.4, 1.5, 142.8, 109.54, 46.97, 54.94]","[39.1, -258.3, 60.8, -92.39, 42.9, 176.08]","0,0.531891,0.347021,0.277687,0.292708"
"[39.1, -258.3, 60.8, -92.39, 42.9, 176.08]_4711.jpg","[-92.2, 16.1, 256.6, 158.5, 50.75, 103.75]","[39.1, -258.3, 60.8, -92.39, 42.9, 176.08]","0,0.493922,0.397646,0.275312,0.292708"
"[39.1, -258.3, 60.8, -92.39, 42.9, 176.08]_0497.jpg","[-96.2, 15.7, 250.3, 168.92, 53.57, 115.74]","[39.1, -258.3, 60.8, -92.39, 42.9, 176.08]","0,0.522992,0.073438,0.293109,0.146875"
"[39.1, -258.3, 60.8, -92.39, 42.9, 176.08]_9887.jpg","[122.7, 35.9, 345.1, -97.81, 51.93, -175.43]","[39.1, -258.3, 60.8, -92.39, 42.9, 176.08]","0,0.709812,0.728521,0.213375,0.380250"
"[39.1, -258.3, 60.8, -92.39, 42.9, 176.08]_6142.jpg","[180.5, 51.2, 191.6, -86.54, 43.0, 164.62]","[39.1, -258.3, 60.8, -92.39, 42.9, 176.08]","0,0.425617,0.944594,0.194297,0.109562"
"[39.1, -258.3, 60.8, -92.39, 42.9, 176.08]_8712.jpg","[170.1, 52.2, 170.6, -82.92, -72.79, 147.98]","[39.1, -258.3, 60.8, -92.39, 42.9, 176.08]","0,0.639289,0.271063,0.556547,0.539542"
"[39.1, -258.3, 60.8, -92.39, 42.9, 176.08]_7856.jpg","[173.4, 52.3, 121.2, 27.22, -78.35, 38.56]","[39.1, -258.3, 60.8, -92.39, 42.9, 176.08]","0,0.350922,0.226760,0.281250,0.327521"
"[39.1, -258.3, 60.8, -92.39, 42.9, 176.08]_0795.jpg","[173.0, 52.2, 120.7, 27.13, -78.44, 38.74]","[39.1, -258.3, 60.8, -92.39, 42.9, 176.08]","0,0.463063,0.158083,0.282438,0.316167"
"[39.1, -258.3, 60.8, -92.39, 42.9, 176.08]_2089.jpg","[172.5, 48.5, 102.8, -44.59, -78.11, 120.02]","[39.1, -258.3, 60.8, -92.39, 42.9, 176.08]","0,0.469594,0.161896,0.271750,0.321208"
"[39.1, -258.3, 60.8, -92.39, 42.9, 176.08]_0083.jpg","[171.2, 52.1, 133.0, -59.36, -75.29, 125.41]","[39.1, -258.3, 60.8, -92.39, 42.9, 176.08]","0,0.296336,0.540042,0.283609,0.365500"
"[39.1, -258.3, 60.8, -92.39, 42.9, 176.08]_2739.jpg","[-41.6, 14.4, 315.3, -129.33, 45.75, 156.38]","[39.1, -258.3, 60.8, -92.39, 42.9, 176.08]","0,0.354484,0.199875,0.290719,0.356000"
"[39.1, -258.3, 60.8, -92.39, 42.9, 176.08]_6739.jpg","[-33.5, 10.8, 403.4, -90.14, 49.04, -171.3]","[39.1, -258.3, 60.8, -92.39, 42.9, 176.08]","0,0.474508,0.845948,0.197047,0.307229"
"[39.1, -258.3, 60.8, -92.39, 42.9, 176.08]_5413.jpg","[-120.5, -118.8, 84.0, -87.8, 65.8, -137.52]","[39.1, -258.3, 60.8, -92.39, 42.9, 176.08]","0,0.138508,0.311417,0.276484,0.392375"
"[39.1, -258.3, 60.8, -92.39, 42.9, 176.08]_4290.jpg","[-102.5, -176.4, 71.8, -139.7, 84.24, -175.04]","[39.1, -258.3, 60.8, -92.39, 42.9, 176.08]","0,0.673117,0.804438,0.327484,0.391125"
"[39.1, -258.3, 60.8, -92.39, 42.9, 176.08]_0772.jpg","[-103.2, -177.6, 71.1, -129.64, 82.33, -165.71]","[39.1, -258.3, 60.8, -92.39, 42.9, 176.08]","0,0.647586,0.343990,0.601641,0.687979"
"[39.1, -258.3, 60.8, -92.39, 42.9, 176.08]_3462.jpg","[-105.4, -180.6, 72.0, -108.57, 70.16, -147.13]","[39.1, -258.3, 60.8, -92.39, 42.9, 176.08]","0,0.640469,0.350323,0.592156,0.700646"
"[39.1, -258.3, 60.8, -92.39, 42.9, 176.08]_3601.jpg","[-110.7, -190.0, 117.4, -95.84, 51.13, -135.35]","[39.1, -258.3, 60.8, -92.39, 42.9, 176.08]","0,0.628016,0.384198,0.536375,0.765812"
"[39.1, -258.3, 60.8, -92.39, 42.9, 176.08]_0289.jpg","[-112.6, -189.8, 99.4, -99.15, 51.63, -139.88]","[39.1, -258.3, 60.8, -92.39, 42.9, 176.08]","0,0.724234,0.765385,0.439781,0.468063"
"[39.1, -258.3, 60.8, -92.39, 42.9, 176.08]_3650.jpg","[-112.1, -188.5, 103.3, -98.76, 54.98, -140.54]","[39.1, -258.3, 60.8, -92.39, 42.9, 176.08]","0,0.632375,0.624000,0.450156,0.751042"
"[39.1, -258.3, 60.8, -92.39, 42.9, 176.08]_4477.jpg","[-114.7, -193.0, 127.1, -96.52, 53.04, -140.19]","[39.1, -258.3, 60.8, -92.39, 42.9, 176.08]","0,0.623234,0.652156,0.448219,0.692187"
"[39.1, -258.3, 60.8, -92.39, 42.9, 176.08]_5220.jpg","[-116.8, -186.4, 159.1, -91.64, 50.82, -134.31]","[39.1, -258.3, 60.8, -92.39, 42.9, 176.08]","0,0.570539,0.767604,0.434859,0.463333"
"[39.1, -258.3, 60.8, -92.39, 42.9, 176.08]_3822.jpg","[-131.7, -180.4, 166.6, -92.4, 48.75, -136.0]","[39.1, -258.3, 60.8, -92.39, 42.9, 176.08]","0,0.708117,0.951583,0.376172,0.096833"
"[39.1, -258.3, 60.8, -92.39, 42.9, 176.08]_8031.jpg","[-131.6, -176.6, 148.0, -92.84, 52.4, -138.29]","[39.1, -258.3, 60.8, -92.39, 42.9, 176.08]","0,0.633938,0.982281,0.265812,0.034813"
"[39.1, -258.3, 60.8, -92.39, 42.9, 176.08]_3868.jpg","[-142.8, -193.1, 24.1, -68.96, 42.37, -107.45]","[39.1, -258.3, 60.8, -92.39, 42.9, 176.08]","0,0.673969,0.342240,0.397344,0.684188"
"[39.1, -258.3, 60.8, -92.39, 42.9, 176.08]_4790.jpg","[-142.8, -193.1, 24.2, -68.99, 42.29, -107.47]","[39.1, -258.3, 60.8, -92.39, 42.9, 176.08]","0,0.829742,0.753802,0.339391,0.492396"
"[39.1, -258.3, 60.8, -92.39, 42.9, 176.08]_4274.jpg","[-140.7, -192.8, 30.8, -91.97, 43.57, -124.04]","[39.1, -258.3, 60.8, -92.39, 42.9, 176.08]","0,0.836555,0.757604,0.326891,0.484167"
"[39.1, -258.3, 60.8, -92.39, 42.9, 176.08]_4521.jpg","[-127.0, -166.0, 89.7, -95.41, -35.74, -143.6]","[39.1, -258.3, 60.8, -92.39, 42.9, 176.08]","0,0.844266,0.377073,0.311469,0.624979"
"[39.1, -258.3, 60.8, -92.39, 42.9, 176.08]_8466.jpg","[-128.7, -165.2, 89.2, -95.7, -36.94, -144.55]","[39.1, -258.3, 60.8, -92.39, 42.9, 176.08]","0,0.645813,0.465677,0.498406,0.511062"
"[39.1, -258.3, 60.8, -92.39, 42.9, 176.08]_3819.jpg","[-130.5, -167.3, 106.0, -93.19, -41.92, -147.26]","[39.1, -258.3, 60.8, -92.39, 42.9, 176.08]","0,0.644625,0.407927,0.486531,0.493646"
"[39.1, -258.3, 60.8, -92.39, 42.9, 176.08]_7546.jpg","[-85.2, -231.7, 112.6, -105.14, -46.09, -144.18]","[39.1, -258.3, 60.8, -92.39, 42.9, 176.08]","0,0.498664,0.371542,0.469922,0.500000"
"[39.1, -258.3, 60.8, -92.39, 42.9, 176.08]_6390.jpg","[-84.6, -225.8, 114.5, -99.17, -42.42, -150.29]","[39.1, -258.3, 60.8, -92.39, 42.9, 176.08]","0,0.592414,0.389083,0.814047,0.778167"
"[39.1, -258.3, 60.8, -92.39, 42.9, 176.08]_2329.jpg","[-84.1, -226.9, 113.1, -100.59, -42.31, -148.26]","[39.1, -258.3, 60.8, -92.39, 42.9, 176.08]","0,0.357914,0.343990,0.715828,0.687979"
"[39.1, -258.3, 60.8, -92.39, 42.9, 176.08]_1472.jpg","[-86.2, -228.8, 117.2, -99.67, -44.46, -153.69]","[39.1, -258.3, 60.8, -92.39, 42.9, 176.08]","0,0.398391,0.365354,0.748781,0.730708"
"[39.1, -258.3, 60.8, -92.39, 42.9, 176.08]_9184.jpg","[-40.0, -202.6, 90.3, -71.96, -38.48, 156.13]","[39.1, -258.3, 60.8, -92.39, 42.9, 176.08]","0,0.351383,0.275958,0.702766,0.551917"
"[39.1, -258.3, 60.8, -92.39, 42.9, 176.08]_7060.jpg","[-170.0, -141.3, 133.6, -92.03, -51.44, -160.8]","[39.1, -258.3, 60.8, -92.39, 42.9, 176.08]","0,0.281406,0.298896,0.562812,0.597792"
"[39.1, -258.3, 60.8, -92.39, 42.9, 176.08]_3202.jpg","[-186.8, -21.9, 140.8, -90.19, -50.79, -158.92]","[39.1, -258.3, 60.8, -92.39, 42.9, 176.08]","0,0.416781,0.098750,0.280062,0.197500"
"[39.1, -258.3, 60.8, -92.39, 42.9, 176.08]_7950.jpg","[30.7, -198.2, 136.6, -80.65, -4.26, 145.87]","[39.1, -258.3, 60.8, -92.39, 42.9, 176.08]","0,0.445852,0.153979,0.285984,0.299042"
"[39.1, -258.3, 60.8, -92.39, 42.9, 176.08]_5376.jpg","[141.7, -141.1, 90.6, -72.99, -51.92, 123.2]","[39.1, -258.3, 60.8, -92.39, 42.9, 176.08]","0,0.612578,0.706188,0.531625,0.530042"
"[39.1, -258.3, 60.8, -92.39, 42.9, 176.08]_1779.jpg","[161.1, -153.7, 82.9, 80.61, -46.88, -18.9]","[39.1, -258.3, 60.8, -92.39, 42.9, 176.08]","0,0.214328,0.356510,0.428656,0.530062"
"[39.1, -258.3, 60.8, -92.39, 42.9, 176.08]_9269.jpg","[161.0, -153.7, 82.9, 81.01, -43.16, -19.84]","[39.1, -258.3, 60.8, -92.39, 42.9, 176.08]","0,0.435773,0.715042,0.377359,0.569917"
"[39.1, -258.3, 60.8, -92.39, 42.9, 176.08]_7473.jpg","[152.7, -150.7, 85.6, -79.15, -48.89, 141.55]","[39.1, -258.3, 60.8, -92.39, 42.9, 176.08]","0,0.445852,0.707135,0.376172,0.585729"
"[39.1, -258.3, 60.8, -92.39, 42.9, 176.08]_0043.jpg","[110.2, -137.3, 82.1, -94.37, -36.06, 146.35]","[39.1, -258.3, 60.8, -92.39, 42.9, 176.08]","0,0.658859,0.494167,0.541125,0.552208"
"[39.1, -258.3, 60.8, -92.39, 42.9, 176.08]_8712.jpg","[112.8, -138.7, 82.7, -93.63, -36.42, 148.42]","[39.1, -258.3, 60.8, -92.39, 42.9, 176.08]","0,0.639289,0.271063,0.556547,0.539542"
"[39.1, -258.3, 60.8, -92.39, 42.9, 176.08]_8455.jpg","[124.6, -137.6, 126.3, -104.08, 53.51, 140.91]","[39.1, -258.3, 60.8, -92.39, 42.9, 176.08]","0,0.635102,0.396062,0.552922,0.552208"
"[39.1, -258.3, 60.8, -92.39, 42.9, 176.08]_7753.jpg","[139.3, -112.8, 153.8, -120.76, 57.63, 128.85]","[39.1, -258.3, 60.8, -92.39, 42.9, 176.08]","0,0.452766,0.772615,0.400625,0.452313"
"[39.1, -258.3, 60.8, -92.39, 42.9, 176.08]_1845.jpg","[147.3, -90.7, 161.4, -127.81, 53.77, 123.94]","[39.1, -258.3, 60.8, -92.39, 42.9, 176.08]","0,0.573836,0.699635,0.352516,0.600729"
"[39.1, -258.3, 60.8, -92.39, 42.9, 176.08]_6351.jpg","[147.3, -90.6, 160.7, -127.22, 53.26, 124.4]","[39.1, -258.3, 60.8, -92.39, 42.9, 176.08]","0,0.557461,0.480750,0.321297,0.563833"
"[39.1, -258.3, 60.8, -92.39, 42.9, 176.08]_7919.jpg","[146.6, -90.0, 159.9, -123.11, 47.01, 129.12]","[39.1, -258.3, 60.8, -92.39, 42.9, 176.08]","0,0.544258,0.496750,0.316672,0.563708"
"[39.1, -258.3, 60.8, -92.39, 42.9, 176.08]_3275.jpg","[147.2, -90.5, 157.5, -121.88, 47.04, 130.32]","[39.1, -258.3, 60.8, -92.39, 42.9, 176.08]","0,0.559969,0.457781,0.320937,0.560604"
"[39.1, -258.3, 60.8, -92.39, 42.9, 176.08]_8482.jpg","[138.1, -103.6, 79.8, -91.04, -19.96, 148.99]","[39.1, -258.3, 60.8, -92.39, 42.9, 176.08]","0,0.562969,0.483771,0.322250,0.561833"
"[39.1, -258.3, 60.8, -92.39, 42.9, 176.08]_8873.jpg","[213.8, -108.6, 64.7, -29.73, -71.55, 109.05]","[39.1, -258.3, 60.8, -92.39, 42.9, 176.08]","0,0.547914,0.488625,0.468734,0.550625"
"[-136.3, -116.1, 97.3, -89.76, 44.38, -178.8]_8063.jpg","[44.8, -148.5, 224.4, -125.29, -25.08, 112.22]","[-136.3, -116.1, 97.3, -89.76, 44.38, -178.8]","0,0.589445,0.788615,0.513828,0.422771"
"[-136.3, -116.1, 97.3, -89.76, 44.38, -178.8]_7961.jpg","[44.2, -151.1, 225.1, -122.88, -24.41, 113.92]","[-136.3, -116.1, 97.3, -89.76, 44.38, -178.8]","0,0.499852,0.563781,0.541109,0.561688"
"[-136.3, -116.1, 97.3, -89.76, 44.38, -178.8]_2858.jpg","[42.7, -149.7, 224.7, -122.36, -25.67, 113.43]","[-136.3, -116.1, 97.3, -89.76, 44.38, -178.8]","0,0.476508,0.729542,0.534297,0.540917"
"[-136.3, -116.1, 97.3, -89.76, 44.38, -178.8]_9716.jpg","[43.4, -150.2, 224.8, -122.7, -25.13, 113.58]","[-136.3, -116.1, 97.3, -89.76, 44.38, -178.8]","0,0.442297,0.694323,0.537562,0.560104"
"[-136.3, -116.1, 97.3, -89.76, 44.38, -178.8]_2238.jpg","[44.3, -150.4, 224.9, -123.41, -24.69, 113.46]","[-136.3, -116.1, 97.3, -89.76, 44.38, -178.8]","0,0.462094,0.706417,0.536687,0.555500"
"[-136.3, -116.1, 97.3, -89.76, 44.38, -178.8]_5853.jpg","[44.5, -150.5, 224.9, -123.55, -24.56, 113.46]","[-136.3, -116.1, 97.3, -89.76, 44.38, -178.8]","0,0.481906,0.690406,0.533094,0.552312"
"[-136.3, -116.1, 97.3, -89.76, 44.38, -178.8]_2871.jpg","[38.7, -143.9, 233.3, -127.54, -21.71, 113.05]","[-136.3, -116.1, 97.3, -89.76, 44.38, -178.8]","0,0.486109,0.692010,0.534281,0.552312"
"[-136.3, -116.1, 97.3, -89.76, 44.38, -178.8]_4666.jpg","[-82.9, -64.6, 268.1, -129.76, 4.64, 128.46]","[-136.3, -116.1, 97.3, -89.76, 44.38, -178.8]","0,0.521531,0.568750,0.530687,0.555500"
"[-136.3, -116.1, 97.3, -89.76, 44.38, -178.8]_0233.jpg","[-129.6, -24.9, 238.2, -141.46, 27.23, 133.52]","[-136.3, -116.1, 97.3, -89.76, 44.38, -178.8]","0,0.138961,0.775708,0.277922,0.440375"
"[-136.3, -116.1, 97.3, -89.76, 44.38, -178.8]_1181.jpg","[-135.5, -13.3, 242.4, -136.77, 28.48, 157.62]","[-136.3, -116.1, 97.3, -89.76, 44.38, -178.8]","0,0.191125,0.681604,0.382250,0.633958"
"[-136.3, -116.1, 97.3, -89.76, 44.38, -178.8]_7008.jpg","[-135.1, -13.6, 233.6, -139.32, 25.13, 153.89]","[-136.3, -116.1, 97.3, -89.76, 44.38, -178.8]","0,0.787531,0.729052,0.399594,0.539104"
"[-136.3, -116.1, 97.3, -89.76, 44.38, -178.8]_6067.jpg","[-146.2, 8.9, 213.9, -135.53, 29.23, 154.79]","[-136.3, -116.1, 97.3, -89.76, 44.38, -178.8]","0,0.711328,0.600844,0.415000,0.658646"
"[-136.3, -116.1, 97.3, -89.76, 44.38, -178.8]_0221.jpg","[-146.3, 9.0, 214.2, -135.68, 29.77, 154.38]","[-136.3, -116.1, 97.3, -89.76, 44.38, -178.8]","0,0.632891,0.475146,0.400781,0.672792"
"[-136.3, -116.1, 97.3, -89.76, 44.38, -178.8]_3402.jpg","[-77.3, -51.0, 292.6, -158.06, 29.35, 115.08]","[-136.3, -116.1, 97.3, -89.76, 44.38, -178.8]","0,0.626070,0.475552,0.403734,0.674646"
"[-136.3, -116.1, 97.3, -89.76, 44.38, -178.8]_3131.jpg","[-23.4, -102.7, 303.9, -153.95, 23.17, 108.45]","[-136.3, -116.1, 97.3, -89.76, 44.38, -178.8]","0,0.709430,0.619969,0.380609,0.584313"
"[-136.3, -116.1, 97.3, -89.76, 44.38, -178.8]_5589.jpg","[-24.6, -101.7, 303.4, -152.84, 21.87, 110.75]","[-136.3, -116.1, 97.3, -89.76, 44.38, -178.8]","0,0.858617,0.751958,0.282766,0.496083"
"[-136.3, -116.1, 97.3, -89.76, 44.38, -178.8]_5235.jpg","[-24.7, -101.0, 301.8, -152.87, 20.61, 111.02]","[-136.3, -116.1, 97.3, -89.76, 44.38, -178.8]","0,0.855016,0.760760,0.289969,0.478479"
"[-136.3, -116.1, 97.3, -89.76, 44.38, -178.8]_7265.jpg","[-27.5, -101.3, 299.3, -143.81, -3.85, 145.91]","[-136.3, -116.1, 97.3, -89.76, 44.38, -178.8]","0,0.845297,0.740510,0.308563,0.517521"
"[-136.3, -116.1, 97.3, -89.76, 44.38, -178.8]_3251.jpg","[-26.6, -103.9, 304.8, -142.65, -12.79, 160.9]","[-136.3, -116.1, 97.3, -89.76, 44.38, -178.8]","0,0.762859,0.874417,0.415437,0.251167"
"[-136.3, -116.1, 97.3, -89.76, 44.38, -178.8]_7102.jpg","[-31.2, -102.6, 298.4, -149.25, -29.35, 176.44]","[-136.3, -116.1, 97.3, -89.76, 44.38, -178.8]","0,0.731844,0.981646,0.148344,0.036708"
"[-136.3, -116.1, 97.3, -89.76, 44.38, -178.8]_2132.jpg","[-29.1, -103.0, 301.4, -148.53, -25.88, 176.0]","[-136.3, -116.1, 97.3, -89.76, 44.38, -178.8]","0,0.514328,0.881625,0.453844,0.236750"
"[-136.3, -116.1, 97.3, -89.76, 44.38, -178.8]_7811.jpg","[-27.2, -99.5, 296.0, -175.91, -33.97, -138.87]","[-136.3, -116.1, 97.3, -89.76, 44.38, -178.8]","0,0.556813,0.942729,0.434312,0.113917"
"[-136.3, -116.1, 97.3, -89.76, 44.38, -178.8]_3042.jpg","[-29.2, -104.4, 302.7, 157.88, -37.06, -95.23]","[-136.3, -116.1, 97.3, -89.76, 44.38, -178.8]","0,0.646391,0.926448,0.302562,0.147104"
"[-136.3, -116.1, 97.3, -89.76, 44.38, -178.8]_6289.jpg","[-29.1, -104.4, 303.0, 158.5, -36.99, -95.67]","[-136.3, -116.1, 97.3, -89.76, 44.38, -178.8]","0,0.459094,0.727917,0.374594,0.544167"
"[-136.3, -116.1, 97.3, -89.76, 44.38, -178.8]_0270.jpg","[-28.8, -104.3, 302.6, 158.42, -36.72, -95.51]","[-136.3, -116.1, 97.3, -89.76, 44.38, -178.8]","0,0.461867,0.733021,0.380078,0.528458"
"[-136.3, -116.1, 97.3, -89.76, 44.38, -178.8]_2086.jpg","[-21.2, -112.5, 301.4, 159.59, -38.17, -100.93]","[-136.3, -116.1, 97.3, -89.76, 44.38, -178.8]","0,0.460898,0.739146,0.378203,0.521708"
"[-136.3, -116.1, 97.3, -89.76, 44.38, -178.8]_5698.jpg","[19.6, -158.6, 237.5, 152.25, -65.09, -132.04]","[-136.3, -116.1, 97.3, -89.76, 44.38, -178.8]","0,0.468703,0.733542,0.379406,0.532917"
"[-136.3, -116.1, 97.3, -89.76, 44.38, -178.8]_4037.jpg","[19.3, -159.0, 237.8, 155.06, -66.61, -134.5]","[-136.3, -116.1, 97.3, -89.76, 44.38, -178.8]","0,0.313812,0.440667,0.528281,0.802042"
"[-136.3, -116.1, 97.3, -89.76, 44.38, -178.8]_1914.jpg","[18.1, -155.9, 236.5, -143.23, -64.8, 158.27]","[-136.3, -116.1, 97.3, -89.76, 44.38, -178.8]","0,0.299406,0.462292,0.521094,0.806833"
"[-136.3, -116.1, 97.3, -89.76, 44.38, -178.8]_1572.jpg","[21.8, -154.8, 235.4, -128.68, -47.0, 133.85]","[-136.3, -116.1, 97.3, -89.76, 44.38, -178.8]","0,0.204336,0.679115,0.408672,0.641771"
"[-136.3, -116.1, 97.3, -89.76, 44.38, -178.8]_6342.jpg","[22.4, -155.2, 235.6, -128.88, -46.55, 133.97]","[-136.3, -116.1, 97.3, -89.76, 44.38, -178.8]","0,0.264297,0.795583,0.525687,0.408208"
"[-136.3, -116.1, 97.3, -89.76, 44.38, -178.8]_8355.jpg","[27.2, -157.2, 237.9, -129.79, -36.39, 129.46]","[-136.3, -116.1, 97.3, -89.76, 44.38, -178.8]","0,0.265945,0.799687,0.531891,0.400625"
"[-136.3, -116.1, 97.3, -89.76, 44.38, -178.8]_0539.jpg","[23.6, -153.2, 234.6, -121.4, -24.17, 114.39]","[-136.3, -116.1, 97.3, -89.76, 44.38, -178.8]","0,0.390727,0.812292,0.544703,0.369917"
"[-136.3, -116.1, 97.3, -89.76, 44.38, -178.8]_9791.jpg","[24.2, -154.5, 235.3, -121.1, -23.42, 115.07]","[-136.3, -116.1, 97.3, -89.76, 44.38, -178.8]","0,0.309984,0.790990,0.541125,0.418021"
"[-136.3, -116.1, 97.3, -89.76, 44.38, -178.8]_8764.jpg","[25.0, -155.4, 235.9, -121.51, -22.93, 115.61]","[-136.3, -116.1, 97.3, -89.76, 44.38, -178.8]","0,0.312359,0.821844,0.538750,0.356312"
"[-136.3, -116.1, 97.3, -89.76, 44.38, -178.8]_7306.jpg","[20.5, -153.5, 237.2, -117.29, -18.84, 113.19]","[-136.3, -116.1, 97.3, -89.76, 44.38, -178.8]","0,0.330750,0.835927,0.532813,0.327521"
"[-136.3, -116.1, 97.3, -89.76, 44.38, -178.8]_6700.jpg","[55.6, -177.9, 230.7, -133.37, 15.67, 91.58]","[-136.3, -116.1, 97.3, -89.76, 44.38, -178.8]","0,0.269633,0.889875,0.424828,0.220250"
"[-136.3, -116.1, 97.3, -89.76, 44.38, -178.8]_9614.jpg","[50.1, -171.3, 218.9, -129.46, 13.57, 84.18]","[-136.3, -116.1, 97.3, -89.76, 44.38, -178.8]","0,0.844859,0.728490,0.310281,0.543021"
"[-136.3, -116.1, 97.3, -89.76, 44.38, -178.8]_2289.jpg","[48.6, -171.3, 218.7, -127.97, 13.13, 85.56]","[-136.3, -116.1, 97.3, -89.76, 44.38, -178.8]","0,0.618180,0.652698,0.457453,0.694604"
"[-136.3, -116.1, 97.3, -89.76, 44.38, -178.8]_7252.jpg","[48.1, -172.1, 219.1, -127.06, 13.65, 86.82]","[-136.3, -116.1, 97.3, -89.76, 44.38, -178.8]","0,0.613180,0.675333,0.463984,0.648708"
"[-136.3, -116.1, 97.3, -89.76, 44.38, -178.8]_6438.jpg","[47.7, -172.5, 219.3, -126.55, 14.06, 87.42]","[-136.3, -116.1, 97.3, -89.76, 44.38, -178.8]","0,0.632758,0.708708,0.465172,0.582583"
"[-136.3, -116.1, 97.3, -89.76, 44.38, -178.8]_5414.jpg","[43.4, -168.8, 220.0, -124.37, 12.53, 88.21]","[-136.3, -116.1, 97.3, -89.76, 44.38, -178.8]","0,0.640992,0.724740,0.464641,0.550521"
"[-136.3, -116.1, 97.3, -89.76, 44.38, -178.8]_2302.jpg","[-51.1, -78.1, 290.8, -157.24, 26.88, 92.93]","[-136.3, -116.1, 97.3, -89.76, 44.38, -178.8]","0,0.574352,0.741635,0.461047,0.513896"
"[-136.3, -116.1, 97.3, -89.76, 44.38, -178.8]_7325.jpg","[-54.3, -77.8, 289.0, -146.85, 18.3, 111.37]","[-136.3, -116.1, 97.3, -89.76, 44.38, -178.8]","0,0.450688,0.739750,0.397437,0.518542"
"[-136.3, -116.1, 97.3, -89.76, 44.38, -178.8]_6230.jpg","[-132.5, -7.9, 242.8, -138.42, 24.61, 146.65]","[-136.3, -116.1, 97.3, -89.76, 44.38, -178.8]","0,0.418867,0.818479,0.395016,0.360208"
"[-136.3, -116.1, 97.3, -89.76, 44.38, -178.8]_0562.jpg","[-172.9, 23.3, 125.7, -102.52, 35.88, 173.4]","[-136.3, -116.1, 97.3, -89.76, 44.38, -178.8]","0,0.521094,0.585615,0.400313,0.649146"
"[-136.3, -116.1, 97.3, -89.76, 44.38, -178.8]_4977.jpg","[-162.7, 36.9, 108.1, -101.37, 38.13, 172.55]","[-136.3, -116.1, 97.3, -89.76, 44.38, -178.8]","0,0.409867,0.731146,0.384203,0.537708"
"[-136.3, -116.1, 97.3, -89.76, 44.38, -178.8]_1948.jpg","[-161.7, 46.8, 110.2, -99.98, 41.11, 171.12]","[-136.3, -116.1, 97.3, -89.76, 44.38, -178.8]","0,0.452469,0.655229,0.371031,0.636167"
"[-136.3, -116.1, 97.3, -89.76, 44.38, -178.8]_6265.jpg","[-160.0, 46.2, 109.5, -100.66, 40.06, 172.25]","[-136.3, -116.1, 97.3, -89.76, 44.38, -178.8]","0,0.396656,0.707927,0.348187,0.584146"
"[-136.3, -116.1, 97.3, -89.76, 44.38, -178.8]_5895.jpg","[-148.5, 85.9, 146.4, -104.3, 42.85, 163.54]","[-136.3, -116.1, 97.3, -89.76, 44.38, -178.8]","0,0.461500,0.687208,0.350594,0.597125"
"[-136.3, -116.1, 97.3, -89.76, 44.38, -178.8]_1056.jpg","[-66.0, 119.3, 253.1, -125.73, 36.75, 135.75]","[-136.3, -116.1, 97.3, -89.76, 44.38, -178.8]","0,0.355125,0.757969,0.298187,0.484063"
"[-136.3, -116.1, 97.3, -89.76, 44.38, -178.8]_5929.jpg","[-65.0, 122.4, 258.9, -120.5, 37.66, 141.05]","[-136.3, -116.1, 97.3, -89.76, 44.38, -178.8]","0,0.384250,0.640156,0.241375,0.426312"
"[-136.3, -116.1, 97.3, -89.76, 44.38, -178.8]_2589.jpg","[-68.6, 125.3, 261.6, -112.47, -17.51, 163.06]","[-136.3, -116.1, 97.3, -89.76, 44.38, -178.8]","0,0.442961,0.786312,0.235516,0.420958"
"[-136.3, -116.1, 97.3, -89.76, 44.38, -178.8]_3865.jpg","[-67.2, 125.6, 259.4, -120.0, -42.64, 179.12]","[-136.3, -116.1, 97.3, -89.76, 44.38, -178.8]","0,0.383453,0.434260,0.312156,0.363396"
"[-136.3, -116.1, 97.3, -89.76, 44.38, -178.8]_7489.jpg","[-67.9, 125.7, 259.5, -119.98, -42.8, 178.59]","[-136.3, -116.1, 97.3, -89.76, 44.38, -178.8]","0,0.531297,0.418219,0.312094,0.311688"
"[-136.3, -116.1, 97.3, -89.76, 44.38, -178.8]_5987.jpg","[-68.5, 127.0, 264.4, -155.1, -68.43, -140.3]","[-136.3, -116.1, 97.3, -89.76, 44.38, -178.8]","0,0.529281,0.388635,0.311062,0.313771"
"[-136.3, -116.1, 97.3, -89.76, 44.38, -178.8]_5446.jpg","[-66.2, 129.0, 268.5, 164.16, -73.07, -92.9]","[-136.3, -116.1, 97.3, -89.76, 44.38, -178.8]","0,0.656000,0.307802,0.316969,0.392229"
"[-136.3, -116.1, 97.3, -89.76, 44.38, -178.8]_3141.jpg","[-66.3, 128.8, 267.8, 167.71, -73.0, -96.69]","[-136.3, -116.1, 97.3, -89.76, 44.38, -178.8]","0,0.607375,0.343021,0.301375,0.417833"
"[-136.3, -116.1, 97.3, -89.76, 44.38, -178.8]_2731.jpg","[-70.2, 71.9, 321.7, 162.02, -60.51, -90.32]","[-136.3, -116.1, 97.3, -89.76, 44.38, -178.8]","0,0.612180,0.348615,0.301359,0.416229"
"[-136.3, -116.1, 97.3, -89.76, 44.38, -178.8]_2542.jpg","[-67.5, 37.0, 336.4, 154.83, -51.25, -72.49]","[-136.3, -116.1, 97.3, -89.76, 44.38, -178.8]","0,0.606180,0.339823,0.301359,0.440229"
"[-136.3, -116.1, 97.3, -89.76, 44.38, -178.8]_2345.jpg","[-71.0, 58.3, 332.8, -159.97, -59.68, -133.21]","[-136.3, -116.1, 97.3, -89.76, 44.38, -178.8]","0,0.493313,0.594354,0.272562,0.456250"
"[-136.3, -116.1, 97.3, -89.76, 44.38, -178.8]_9249.jpg","[-68.1, 133.2, 227.1, -117.32, 29.66, 142.82]","[-136.3, -116.1, 97.3, -89.76, 44.38, -178.8]","0,0.398391,0.455396,0.319219,0.401875"
"[-136.3, -116.1, 97.3, -89.76, 44.38, -178.8]_8730.jpg","[-121.9, 106.2, 196.3, -115.76, 41.72, 154.68]","[-136.3, -116.1, 97.3, -89.76, 44.38, -178.8]","0,0.267828,0.584354,0.229094,0.431958"
"[-136.3, -116.1, 97.3, -89.76, 44.38, -178.8]_7945.jpg","[-154.7, -64.7, 91.9, -108.04, 41.3, 174.25]","[-136.3, -116.1, 97.3, -89.76, 44.38, -178.8]","0,0.511680,0.780292,0.269141,0.438958"
"[-136.3, -116.1, 97.3, -89.76, 44.38, -178.8]_2796.jpg","[-155.9, -65.4, 92.0, -107.39, 43.43, 171.46]","[-136.3, -116.1, 97.3, -89.76, 44.38, -178.8]","0,0.603172,0.552646,0.761219,0.894708"
"[-136.3, -116.1, 97.3, -89.76, 44.38, -178.8]_3474.jpg","[-162.4, -59.8, 141.0, -117.03, 41.52, 170.6]","[-136.3, -116.1, 97.3, -89.76, 44.38, -178.8]","0,0.493914,0.577458,0.763609,0.845083"
"[-136.3, -116.1, 97.3, -89.76, 44.38, -178.8]_2120.jpg","[-153.4, -58.2, 167.7, -127.03, 32.55, 163.97]","[-136.3, -116.1, 97.3, -89.76, 44.38, -178.8]","0,0.566555,0.723135,0.692766,0.553729"
"[-136.3, -116.1, 97.3, -89.76, 44.38, -178.8]_6542.jpg","[-157.2, -53.2, 138.9, -124.61, 31.68, 161.67]","[-136.3, -116.1, 97.3, -89.76, 44.38, -178.8]","0,0.602328,0.661281,0.667344,0.676187"
"[-136.3, -116.1, 97.3, -89.76, 44.38, -178.8]_8106.jpg","[-154.8, -53.6, 113.3, -124.36, 34.76, 162.74]","[-136.3, -116.1, 97.3, -89.76, 44.38, -178.8]","0,0.478781,0.499823,0.716625,0.996854"
"[-136.3, -116.1, 97.3, -89.76, 44.38, -178.8]_6313.jpg","[-105.0, -64.1, 245.1, -137.7, 8.1, 161.1]","[-136.3, -116.1, 97.3, -89.76, 44.38, -178.8]","0,0.512672,0.394969,0.646344,0.789938"
"[-136.3, -116.1, 97.3, -89.76, 44.38, -178.8]_7272.jpg","[41.7, -174.5, 300.6, -108.37, 73.51, 109.57]","[-136.3, -116.1, 97.3, -89.76, 44.38, -178.8]","0,0.728289,0.752229,0.516203,0.495542"
"[-136.3, -116.1, 97.3, -89.76, 44.38, -178.8]_4885.jpg","[43.2, -156.4, 199.3, -134.21, 51.02, 58.49]","[-136.3, -116.1, 97.3, -89.76, 44.38, -178.8]","0,0.280195,0.827198,0.422641,0.345604"
"[-136.3, -116.1, 97.3, -89.76, 44.38, -178.8]_6963.jpg","[-2.2, -164.3, 164.5, -136.91, 46.17, 74.7]","[-136.3, -116.1, 97.3, -89.76, 44.38, -178.8]","0,0.241750,0.863771,0.416531,0.272458"
"[-136.3, -116.1, 97.3, -89.76, 44.38, -178.8]_7224.jpg","[-9.7, -165.1, 156.7, -131.07, 40.86, 77.0]","[-136.3, -116.1, 97.3, -89.76, 44.38, -178.8]","0,0.594781,0.671531,0.700125,0.656938"
"[-136.3, -116.1, 97.3, -89.76, 44.38, -178.8]_6391.jpg","[6.9, -166.9, 135.2, -115.31, 17.34, 87.62]","[-136.3, -116.1, 97.3, -89.76, 44.38, -178.8]","0,0.489766,0.594000,0.791500,0.812000"
"[-136.3, -116.1, 97.3, -89.76, 44.38, -178.8]_4892.jpg","[7.1, -168.5, 139.2, -116.14, -31.77, 106.97]","[-136.3, -116.1, 97.3, -89.76, 44.38, -178.8]","0,0.514922,0.510312,0.721594,0.976542"
"[-136.3, -116.1, 97.3, -89.76, 44.38, -178.8]_1964.jpg","[-4.8, -170.4, 111.8, -108.05, -46.49, 99.56]","[-136.3, -116.1, 97.3, -89.76, 44.38, -178.8]","0,0.655109,0.488698,0.689781,0.878896"
"[-136.3, -116.1, 97.3, -89.76, 44.38, -178.8]_0954.jpg","[-1.6, -171.8, 116.9, -108.27, -53.28, 97.85]","[-136.3, -116.1, 97.3, -89.76, 44.38, -178.8]","0,0.664367,0.436271,0.671266,0.869917"
"[-136.3, -116.1, 97.3, -89.76, 44.38, -178.8]_6208.jpg","[11.8, -198.4, 130.6, 83.67, -66.84, -84.27]","[-136.3, -116.1, 97.3, -89.76, 44.38, -178.8]","0,0.670117,0.396031,0.659766,0.792063"
"[-136.3, -116.1, 97.3, -89.76, 44.38, -178.8]_6149.jpg","[10.8, -197.6, 130.6, 86.48, -63.02, -86.3]","[-136.3, -116.1, 97.3, -89.76, 44.38, -178.8]","0,0.650305,0.500000,0.699391,1.000000"
"[-136.3, -116.1, 97.3, -89.76, 44.38, -178.8]_5358.jpg","[9.7, -196.1, 129.9, 88.39, -64.45, -87.75]","[-136.3, -116.1, 97.3, -89.76, 44.38, -178.8]","0,0.672516,0.499292,0.654969,0.998583"
"[-136.3, -116.1, 97.3, -89.76, 44.38, -178.8]_5136.jpg","[5.5, -178.8, 123.4, -95.67, -4.92, 83.31]","[-136.3, -116.1, 97.3, -89.76, 44.38, -178.8]","0,0.668008,0.505417,0.662766,0.989167"
"[-136.3, -116.1, 97.3, -89.76, 44.38, -178.8]_5907.jpg","[8.5, -156.8, 194.4, -133.67, 35.71, 81.72]","[-136.3, -116.1, 97.3, -89.76, 44.38, -178.8]","0,0.265789,0.500615,0.528297,0.998771"
"[-136.3, -116.1, 97.3, -89.76, 44.38, -178.8]_4746.jpg","[-87.9, -54.3, 340.7, -131.12, -31.0, 133.18]","[-136.3, -116.1, 97.3, -89.76, 44.38, -178.8]","0,0.633195,0.671115,0.583516,0.657771"
"[-136.3, -116.1, 97.3, -89.76, 44.38, -178.8]_3473.jpg","[-44.9, -97.7, 282.6, -144.17, -34.82, 162.33]","[-136.3, -116.1, 97.3, -89.76, 44.38, -178.8]","0,0.192930,0.419063,0.385859,0.569917"
"[-136.3, -116.1, 97.3, -89.76, 44.38, -178.8]_2507.jpg","[-62.2, -79.6, 300.9, -167.06, -47.22, -166.19]","[-136.3, -116.1, 97.3, -89.76, 44.38, -178.8]","0,0.376852,0.577542,0.510266,0.589125"
"[-136.3, -116.1, 97.3, -89.76, 44.38, -178.8]_1575.jpg","[45.1, -128.8, 291.6, 135.2, -52.97, -95.78]","[-136.3, -116.1, 97.3, -89.76, 44.38, -178.8]","0,0.565352,0.216729,0.491078,0.433458"
"[-136.3, -116.1, 97.3, -89.76, 44.38, -178.8]_3513.jpg","[78.6, -99.9, 289.3, 133.19, -43.15, -89.15]","[-136.3, -116.1, 97.3, -89.76, 44.38, -178.8]","0,0.226172,0.241292,0.345781,0.480417"
"[-136.3, -116.1, 97.3, -89.76, 44.38, -178.8]_2080.jpg","[81.1, -99.3, 297.1, -138.46, 53.77, 79.48]","[-136.3, -116.1, 97.3, -89.76, 44.38, -178.8]","0,0.454289,0.582344,0.295359,0.518687"
"[-136.3, -116.1, 97.3, -89.76, 44.38, -178.8]_9262.jpg","[106.3, -42.1, 287.1, -128.15, 25.62, 109.64]","[-136.3, -116.1, 97.3, -89.76, 44.38, -178.8]","0,0.681414,0.851115,0.294297,0.297771"
"[-136.3, -116.1, 97.3, -89.76, 44.38, -178.8]_0217.jpg","[147.0, -27.7, 227.3, -115.05, 25.37, 114.7]","[-136.3, -116.1, 97.3, -89.76, 44.38, -178.8]","0,0.707797,0.748615,0.250000,0.443104"
"[-136.3, -116.1, 97.3, -89.76, 44.38, -178.8]_8876.jpg","[155.0, -24.9, 214.9, -109.07, 24.39, 117.57]","[-136.3, -116.1, 97.3, -89.76, 44.38, -178.8]","0,0.694289,0.735448,0.264703,0.437354"
"[-136.3, -116.1, 97.3, -89.76, 44.38, -178.8]_1742.jpg","[161.5, -21.4, 202.6, -103.7, 23.34, 120.35]","[-136.3, -116.1, 97.3, -89.76, 44.38, -178.8]","0,0.680891,0.812875,0.264156,0.372083"
"[-136.3, -116.1, 97.3, -89.76, 44.38, -178.8]_4230.jpg","[138.3, -31.0, 238.7, -120.85, 25.34, 112.77]","[-136.3, -116.1, 97.3, -89.76, 44.38, -178.8]","0,0.674008,0.868021,0.249734,0.263958"
"[-136.3, -116.1, 97.3, -89.76, 44.38, -178.8]_7866.jpg","[138.1, -30.4, 232.2, -120.62, -13.53, 135.9]","[-136.3, -116.1, 97.3, -89.76, 44.38, -178.8]","0,0.759305,0.633656,0.268984,0.444229"
"[-136.3, -116.1, 97.3, -89.76, 44.38, -178.8]_3558.jpg","[168.1, -19.0, 219.5, -97.92, -42.19, 130.92]","[-136.3, -116.1, 97.3, -89.76, 44.38, -178.8]","0,0.850812,0.763219,0.298375,0.352271"
"[-136.3, -116.1, 97.3, -89.76, 44.38, -178.8]_8718.jpg","[169.7, -29.5, 144.6, -89.19, -34.06, 127.08]","[-136.3, -116.1, 97.3, -89.76, 44.38, -178.8]","0,0.218023,0.878802,0.285984,0.242396"
"[-136.3, -116.1, 97.3, -89.76, 44.38, -178.8]_6854.jpg","[170.9, -27.3, 122.8, -78.4, -36.38, 120.67]","[-136.3, -116.1, 97.3, -89.76, 44.38, -178.8]","0,0.402547,0.965000,0.270562,0.070000"
"[-136.3, -116.1, 97.3, -89.76, 44.38, -178.8]_5545.jpg","[144.3, -121.4, 101.9, -22.38, -59.37, 37.0]","[-136.3, -116.1, 97.3, -89.76, 44.38, -178.8]","0,0.292203,0.848010,0.343375,0.303979"
"[-136.3, -116.1, 97.3, -89.76, 44.38, -178.8]_9261.jpg","[141.5, -114.4, 99.5, 54.66, -35.2, -62.38]","[-136.3, -116.1, 97.3, -89.76, 44.38, -178.8]","0,0.149648,0.179437,0.299297,0.358875"
"[-136.3, -116.1, 97.3, -89.76, 44.38, -178.8]_4887.jpg","[130.7, -118.9, 96.7, 66.07, -33.69, -62.79]","[-136.3, -116.1, 97.3, -89.76, 44.38, -178.8]","0,0.848414,0.216729,0.303172,0.433458"
"[-136.3, -116.1, 97.3, -89.76, 44.38, -178.8]_2306.jpg","[130.4, -113.9, 180.7, 96.24, -44.01, -88.65]","[-136.3, -116.1, 97.3, -89.76, 44.38, -178.8]","0,0.832500,0.238083,0.302562,0.474000"
"[-136.3, -116.1, 97.3, -89.76, 44.38, -178.8]_9155.jpg","[-205.5, -46.3, 290.8, -149.82, -29.1, -173.59]","[-136.3, -116.1, 97.3, -89.76, 44.38, -178.8]","0,0.929703,0.415844,0.140594,0.487312"
"[-136.3, -116.1, 97.3, -89.76, 44.38, -178.8]_1257.jpg","[-199.1, 137.6, 135.9, -136.76, 34.59, 128.86]","[-136.3, -116.1, 97.3, -89.76, 44.38, -178.8]","0,0.048852,0.197260,0.097703,0.392354"
"[-136.3, -116.1, 97.3, -89.76, 44.38, -178.8]_2093.jpg","[-111.8, 147.1, 108.2, -174.84, 87.43, 72.09]","[-136.3, -116.1, 97.3, -89.76, 44.38, -178.8]","0,0.153305,0.404656,0.306609,0.502687"
"[-136.3, -116.1, 97.3, -89.76, 44.38, -178.8]_7980.jpg","[-98.9, 139.1, 15.5, 76.26, 60.9, -33.07]","[-136.3, -116.1, 97.3, -89.76, 44.38, -178.8]","0,0.273789,0.670583,0.316828,0.351250"
"[-136.3, -116.1, 97.3, -89.76, 44.38, -178.8]_8677.jpg","[-115.7, 146.5, 69.2, -97.06, -71.15, 170.66]","[-136.3, -116.1, 97.3, -89.76, 44.38, -178.8]","0,0.837461,0.430083,0.323953,0.376583"
"[-136.3, -116.1, 97.3, -89.76, 44.38, -178.8]_5410.jpg","[-115.2, 121.9, 180.6, -154.64, -72.82, -138.0]","[-136.3, -116.1, 97.3, -89.76, 44.38, -178.8]","0,0.865219,0.507906,0.269562,0.408229"
"[-136.3, -116.1, 97.3, -89.76, 44.38, -178.8]_7762.jpg","[-116.7, 135.6, 146.8, -131.49, -74.79, -158.38]","[-136.3, -116.1, 97.3, -89.76, 44.38, -178.8]","0,0.859695,0.456198,0.280609,0.447771"
"[-136.3, -116.1, 97.3, -89.76, 44.38, -178.8]_1380.jpg","[-124.8, 97.9, 216.3, 151.7, -78.47, -105.46]","[-136.3, -116.1, 97.3, -89.76, 44.38, -178.8]","0,0.835500,0.501510,0.327781,0.427438"
"[-136.3, -116.1, 97.3, -89.76, 44.38, -178.8]_7894.jpg","[18.6, -250.8, 119.5, 79.11, 19.57, -76.33]","[-136.3, -116.1, 97.3, -89.76, 44.38, -178.8]","0,0.836273,0.321052,0.326328,0.642104"
"[-136.3, -116.1, 97.3, -89.76, 44.38, -178.8]_7632.jpg","[17.0, -250.3, 122.0, 81.52, 33.16, -74.65]","[-136.3, -116.1, 97.3, -89.76, 44.38, -178.8]","0,0.454164,0.229281,0.767766,0.458563"
"[-136.3, -116.1, 97.3, -89.76, 44.38, -178.8]_4343.jpg","[-86.7, -198.7, 274.2, 161.69, 1.01, -9.93]","[-136.3, -116.1, 97.3, -89.76, 44.38, -178.8]","0,0.960078,0.439875,0.079844,0.550708"
"[-136.3, -116.1, 97.3, -89.76, 44.38, -178.8]_2032.jpg","[-87.9, -221.1, 266.8, 162.46, -17.6, -52.96]","[-136.3, -116.1, 97.3, -89.76, 44.38, -178.8]","0,0.443484,0.557531,0.602719,0.805229"
"[-136.3, -116.1, 97.3, -89.76, 44.38, -178.8]_3362.jpg","[-96.6, -164.7, 294.9, 177.51, -24.31, -134.33]","[-136.3, -116.1, 97.3, -89.76, 44.38, -178.8]","0,0.758055,0.833594,0.482672,0.332813"
"[-136.3, -116.1, 97.3, -89.76, 44.38, -178.8]_1202.jpg","[-92.9, -163.3, 290.2, -162.72, -9.31, 160.91]","[-136.3, -116.1, 97.3, -89.76, 44.38, -178.8]","0,0.535937,0.794375,0.504281,0.411250"
"[-136.3, -116.1, 97.3, -89.76, 44.38, -178.8]_7270.jpg","[-93.3, -186.3, 270.9, -165.09, -3.94, 147.06]","[-136.3, -116.1, 97.3, -89.76, 44.38, -178.8]","0,0.595375,0.890667,0.480594,0.218667"
"[-136.3, -116.1, 97.3, -89.76, 44.38, -178.8]_6941.jpg","[-88.4, -97.6, 325.5, -152.09, -10.22, 159.87]","[-136.3, -116.1, 97.3, -89.76, 44.38, -178.8]","0,0.566898,0.783708,0.390422,0.431958"
"[-136.3, -116.1, 97.3, -89.76, 44.38, -178.8]_8913.jpg","[-89.5, -95.4, 327.4, -150.94, -11.59, 159.34]","[-136.3, -116.1, 97.3, -89.76, 44.38, -178.8]","0,0.489766,0.713302,0.399906,0.512646"
"[-136.3, -116.1, 97.3, -89.76, 44.38, -178.8]_3039.jpg","[-85.4, -36.4, 328.2, -149.22, -16.14, 161.97]","[-136.3, -116.1, 97.3, -89.76, 44.38, -178.8]","0,0.432078,0.682406,0.392625,0.504271"
"[-136.3, -116.1, 97.3, -89.76, 44.38, -178.8]_5324.jpg","[-80.4, 141.4, 188.0, -120.05, -27.21, 145.12]","[-136.3, -116.1, 97.3, -89.76, 44.38, -178.8]","0,0.525734,0.245375,0.385406,0.433833"
"[53.8, -238.6, 108.1, -98.3, 43.14, 179.83]_6324.jpg","[-138.0, -131.3, 140.2, -98.18, 48.38, -144.0]","[53.8, -238.6, 108.1, -98.3, 43.14, 179.83]","0,0.293789,0.950760,0.297578,0.097437"
"[53.8, -238.6, 108.1, -98.3, 43.14, 179.83]_6655.jpg","[-141.4, -131.4, 157.1, -97.27, 37.52, -141.37]","[53.8, -238.6, 108.1, -98.3, 43.14, 179.83]","0,0.378758,0.826208,0.322609,0.346458"
"[53.8, -238.6, 108.1, -98.3, 43.14, 179.83]_6880.jpg","[-131.1, -129.0, 160.1, -103.94, 31.33, -144.37]","[53.8, -238.6, 108.1, -98.3, 43.14, 179.83]","0,0.453922,0.823146,0.322687,0.352917"
"[53.8, -238.6, 108.1, -98.3, 43.14, 179.83]_7572.jpg","[-126.1, -125.9, 178.1, -109.29, 30.44, -146.4]","[53.8, -238.6, 108.1, -98.3, 43.14, 179.83]","0,0.539641,0.705302,0.353281,0.587188"
"[53.8, -238.6, 108.1, -98.3, 43.14, 179.83]_8791.jpg","[-59.3, -115.2, 272.9, -121.69, 2.6, -154.4]","[53.8, -238.6, 108.1, -98.3, 43.14, 179.83]","0,0.629687,0.660417,0.334688,0.598333"
"[53.8, -238.6, 108.1, -98.3, 43.14, 179.83]_0331.jpg","[-11.8, -107.4, 282.4, -129.96, -24.51, -150.59]","[53.8, -238.6, 108.1, -98.3, 43.14, 179.83]","0,0.493961,0.774365,0.393203,0.449646"
"[53.8, -238.6, 108.1, -98.3, 43.14, 179.83]_7607.jpg","[-18.7, -106.1, 264.6, -138.04, -29.96, -150.11]","[53.8, -238.6, 108.1, -98.3, 43.14, 179.83]","0,0.482641,0.633406,0.433125,0.450937"
"[53.8, -238.6, 108.1, -98.3, 43.14, 179.83]_4166.jpg","[-0.2, -103.1, 268.2, -140.68, -37.55, -149.14]","[53.8, -238.6, 108.1, -98.3, 43.14, 179.83]","0,0.676664,0.320125,0.455672,0.469917"
"[53.8, -238.6, 108.1, -98.3, 43.14, 179.83]_2762.jpg","[117.2, -82.4, 280.5, -141.82, -35.26, -148.84]","[53.8, -238.6, 108.1, -98.3, 43.14, 179.83]","0,0.635133,0.303500,0.462797,0.474667"
"[53.8, -238.6, 108.1, -98.3, 43.14, 179.83]_7119.jpg","[117.3, -154.1, 241.7, -150.49, -48.14, -169.27]","[53.8, -238.6, 108.1, -98.3, 43.14, 179.83]","0,0.630383,0.972156,0.412953,0.055688"
"[53.8, -238.6, 108.1, -98.3, 43.14, 179.83]_1653.jpg","[115.8, -153.6, 240.5, -151.87, -49.09, -168.39]","[53.8, -238.6, 108.1, -98.3, 43.14, 179.83]","0,0.671914,0.417427,0.600453,0.623396"
"[53.8, -238.6, 108.1, -98.3, 43.14, 179.83]_1247.jpg","[109.2, -166.2, 261.8, -147.47, -40.77, -170.2]","[53.8, -238.6, 108.1, -98.3, 43.14, 179.83]","0,0.691492,0.373125,0.604016,0.636042"
"[53.8, -238.6, 108.1, -98.3, 43.14, 179.83]_2797.jpg","[103.8, -162.2, 256.7, -133.92, 19.64, 121.45]","[53.8, -238.6, 108.1, -98.3, 43.14, 179.83]","0,0.503414,0.570104,0.567234,0.599667"
"[53.8, -238.6, 108.1, -98.3, 43.14, 179.83]_2247.jpg","[145.3, -129.4, 254.8, -134.68, 18.79, 136.51]","[53.8, -238.6, 108.1, -98.3, 43.14, 179.83]","0,0.138969,0.793208,0.277938,0.412958"
"[53.8, -238.6, 108.1, -98.3, 43.14, 179.83]_5326.jpg","[146.1, -129.6, 255.8, -135.18, 19.53, 136.35]","[53.8, -238.6, 108.1, -98.3, 43.14, 179.83]","0,0.675289,0.638469,0.381234,0.636313"
"[53.8, -238.6, 108.1, -98.3, 43.14, 179.83]_1111.jpg","[147.7, -130.9, 258.9, -148.32, 39.96, 111.16]","[53.8, -238.6, 108.1, -98.3, 43.14, 179.83]","0,0.693211,0.644427,0.380922,0.627729"
"[53.8, -238.6, 108.1, -98.3, 43.14, 179.83]_2863.jpg","[148.5, -131.4, 260.3, 179.58, 49.68, 67.81]","[53.8, -238.6, 108.1, -98.3, 43.14, 179.83]","0,0.598742,0.660115,0.372922,0.619146"
"[53.8, -238.6, 108.1, -98.3, 43.14, 179.83]_4573.jpg","[149.1, -132.0, 261.6, 173.85, 50.04, 61.21]","[53.8, -238.6, 108.1, -98.3, 43.14, 179.83]","0,0.523578,0.619948,0.446188,0.572771"
"[53.8, -238.6, 108.1, -98.3, 43.14, 179.83]_5595.jpg","[150.3, -132.4, 263.6, 145.64, 40.15, 23.95]","[53.8, -238.6, 108.1, -98.3, 43.14, 179.83]","0,0.546133,0.612031,0.453297,0.563271"
"[53.8, -238.6, 108.1, -98.3, 43.14, 179.83]_6709.jpg","[165.8, -111.1, 262.3, 141.59, 37.13, 24.68]","[53.8, -238.6, 108.1, -98.3, 43.14, 179.83]","0,0.500445,0.581187,0.468734,0.476250"
"[53.8, -238.6, 108.1, -98.3, 43.14, 179.83]_0928.jpg","[165.6, -114.3, 265.2, 127.47, 26.97, 7.74]","[53.8, -238.6, 108.1, -98.3, 43.14, 179.83]","0,0.432805,0.320906,0.442641,0.452521"
"[53.8, -238.6, 108.1, -98.3, 43.14, 179.83]_7694.jpg","[165.0, -115.3, 265.3, 120.59, 5.37, -8.35]","[53.8, -238.6, 108.1, -98.3, 43.14, 179.83]","0,0.502812,0.340740,0.447375,0.451021"
"[53.8, -238.6, 108.1, -98.3, 43.14, 179.83]_0133.jpg","[162.0, -115.9, 262.1, 121.46, 11.95, -6.38]","[53.8, -238.6, 108.1, -98.3, 43.14, 179.83]","0,0.371094,0.372333,0.449750,0.545875"
"[53.8, -238.6, 108.1, -98.3, 43.14, 179.83]_8207.jpg","[150.9, -133.0, 265.2, 116.45, 11.99, -11.45]","[53.8, -238.6, 108.1, -98.3, 43.14, 179.83]","0,0.464250,0.460938,0.458062,0.530042"
"[53.8, -238.6, 108.1, -98.3, 43.14, 179.83]_0737.jpg","[139.2, -142.3, 261.5, 117.07, 14.68, -15.59]","[53.8, -238.6, 108.1, -98.3, 43.14, 179.83]","0,0.676070,0.445125,0.485359,0.593333"
"[53.8, -238.6, 108.1, -98.3, 43.14, 179.83]_2395.jpg","[140.0, -136.8, 260.8, -138.11, 30.14, 126.11]","[53.8, -238.6, 108.1, -98.3, 43.14, 179.83]","0,0.780188,0.676125,0.439625,0.596500"
"[53.8, -238.6, 108.1, -98.3, 43.14, 179.83]_1534.jpg","[146.1, -133.7, 265.3, -148.03, 25.88, 125.54]","[53.8, -238.6, 108.1, -98.3, 43.14, 179.83]","0,0.583789,0.752958,0.392172,0.492500"
"[53.8, -238.6, 108.1, -98.3, 43.14, 179.83]_1804.jpg","[127.3, -152.4, 261.4, -150.54, 23.69, 114.99]","[53.8, -238.6, 108.1, -98.3, 43.14, 179.83]","0,0.735852,0.423698,0.391859,0.634979"
"[53.8, -238.6, 108.1, -98.3, 43.14, 179.83]_6159.jpg","[106.8, -175.8, 278.8, -158.37, 23.32, 118.88]","[53.8, -238.6, 108.1, -98.3, 43.14, 179.83]","0,0.470711,0.352917,0.459203,0.705750"
"[53.8, -238.6, 108.1, -98.3, 43.14, 179.83]_0389.jpg","[104.0, -178.6, 291.8, -149.39, 19.75, 142.57]","[53.8, -238.6, 108.1, -98.3, 43.14, 179.83]","0,0.559781,0.467271,0.487719,0.707250"
"[53.8, -238.6, 108.1, -98.3, 43.14, 179.83]_4318.jpg","[85.9, -165.3, 303.6, -150.76, 20.42, 142.27]","[53.8, -238.6, 108.1, -98.3, 43.14, 179.83]","0,0.790836,0.755313,0.416703,0.487750"
"[53.8, -238.6, 108.1, -98.3, 43.14, 179.83]_4623.jpg","[-55.1, -65.4, 323.9, -143.24, 26.75, 168.97]","[53.8, -238.6, 108.1, -98.3, 43.14, 179.83]","0,0.705336,0.743875,0.422109,0.511208"
"[53.8, -238.6, 108.1, -98.3, 43.14, 179.83]_0904.jpg","[-155.2, 5.2, 220.0, -118.7, 43.61, -164.59]","[53.8, -238.6, 108.1, -98.3, 43.14, 179.83]","0,0.487016,0.471896,0.279625,0.466875"
"[53.8, -238.6, 108.1, -98.3, 43.14, 179.83]_6676.jpg","[-167.1, 7.9, 163.3, -106.89, 44.93, -160.69]","[53.8, -238.6, 108.1, -98.3, 43.14, 179.83]","0,0.605375,0.568990,0.219344,0.399562"
"[53.8, -238.6, 108.1, -98.3, 43.14, 179.83]_7677.jpg","[-167.1, 7.6, 163.1, -107.34, 45.39, -161.41]","[53.8, -238.6, 108.1, -98.3, 43.14, 179.83]","0,0.450320,0.618865,0.216703,0.379771"
"[53.8, -238.6, 108.1, -98.3, 43.14, 179.83]_2272.jpg","[-141.0, -8.8, 234.6, -129.75, 30.18, -175.57]","[53.8, -238.6, 108.1, -98.3, 43.14, 179.83]","0,0.434773,0.606323,0.217672,0.379688"
"[53.8, -238.6, 108.1, -98.3, 43.14, 179.83]_8626.jpg","[27.4, -125.2, 344.3, -144.78, 30.52, 154.37]","[53.8, -238.6, 108.1, -98.3, 43.14, 179.83]","0,0.458656,0.195979,0.235875,0.391958"
"[53.8, -238.6, 108.1, -98.3, 43.14, 179.83]_4071.jpg","[122.3, -173.7, 313.0, -137.68, 31.75, 150.77]","[53.8, -238.6, 108.1, -98.3, 43.14, 179.83]","0,0.606055,0.934177,0.302609,0.131646"
"[53.8, -238.6, 108.1, -98.3, 43.14, 179.83]_0670.jpg","[175.8, -229.6, 189.9, 135.38, 52.14, 11.42]","[53.8, -238.6, 108.1, -98.3, 43.14, 179.83]","0,0.625047,0.354281,0.715562,0.708562"
"[53.8, -238.6, 108.1, -98.3, 43.14, 179.83]_1825.jpg","[170.5, -237.5, 203.6, 129.15, 57.7, 10.89]","[53.8, -238.6, 108.1, -98.3, 43.14, 179.83]","0,0.727969,0.330542,0.544063,0.661083"
"[53.8, -238.6, 108.1, -98.3, 43.14, 179.83]_6024.jpg","[171.3, -238.1, 195.4, 160.64, 68.45, 43.34]","[53.8, -238.6, 108.1, -98.3, 43.14, 179.83]","0,0.942758,0.363625,0.114484,0.721500"
"[53.8, -238.6, 108.1, -98.3, 43.14, 179.83]_7626.jpg","[167.1, -228.4, 153.9, -147.09, 45.31, 93.13]","[53.8, -238.6, 108.1, -98.3, 43.14, 179.83]","0,0.954031,0.641313,0.091938,0.511042"
"[53.8, -238.6, 108.1, -98.3, 43.14, 179.83]_9709.jpg","[145.4, -208.3, 233.6, -157.86, 39.02, 95.55]","[53.8, -238.6, 108.1, -98.3, 43.14, 179.83]","0,0.597750,0.500646,0.774906,0.998708"
"[53.8, -238.6, 108.1, -98.3, 43.14, 179.83]_4961.jpg","[71.2, -238.4, 302.1, -164.9, 60.23, 116.45]","[53.8, -238.6, 108.1, -98.3, 43.14, 179.83]","0,0.692688,0.665198,0.570781,0.669604"
"[53.8, -238.6, 108.1, -98.3, 43.14, 179.83]_4286.jpg","[-123.1, -225.4, 115.7, -104.47, 43.93, -136.03]","[53.8, -238.6, 108.1, -98.3, 43.14, 179.83]","0,0.131414,0.773156,0.261234,0.451437"
"[53.8, -238.6, 108.1, -98.3, 43.14, 179.83]_9890.jpg","[-106.5, -190.8, 144.1, 89.01, 71.8, 65.11]","[53.8, -238.6, 108.1, -98.3, 43.14, 179.83]","0,0.208883,0.522729,0.417766,0.819208"
"[53.8, -238.6, 108.1, -98.3, 43.14, 179.83]_6051.jpg","[-108.0, -191.7, 177.8, 89.39, 42.72, 66.24]","[53.8, -238.6, 108.1, -98.3, 43.14, 179.83]","0,0.774250,0.650167,0.451500,0.699667"
"[53.8, -238.6, 108.1, -98.3, 43.14, 179.83]_9392.jpg","[-107.5, -190.3, 206.5, 89.11, -11.92, 68.9]","[53.8, -238.6, 108.1, -98.3, 43.14, 179.83]","0,0.838328,0.621542,0.323344,0.594917"
"[53.8, -238.6, 108.1, -98.3, 43.14, 179.83]_6317.jpg","[-108.3, -192.1, 204.5, 89.2, -19.92, 68.21]","[53.8, -238.6, 108.1, -98.3, 43.14, 179.83]","0,0.568680,0.203969,0.498391,0.407938"
"[53.8, -238.6, 108.1, -98.3, 43.14, 179.83]_7348.jpg","[-120.3, -213.6, 196.1, -98.5, 46.12, -137.69]","[53.8, -238.6, 108.1, -98.3, 43.14, 179.83]","0,0.455352,0.222167,0.473484,0.444333"
"[53.8, -238.6, 108.1, -98.3, 43.14, 179.83]_0626.jpg","[13.0, 133.5, 250.4, -115.4, 39.4, 165.01]","[53.8, -238.6, 108.1, -98.3, 43.14, 179.83]","0,0.439555,0.487156,0.183453,0.331354"
"[53.8, -238.6, 108.1, -98.3, 43.14, 179.83]_4067.jpg","[59.5, 124.7, 235.9, -116.07, 42.54, 159.25]","[53.8, -238.6, 108.1, -98.3, 43.14, 179.83]","0,0.430430,0.596271,0.179922,0.325167"
"[53.8, -238.6, 108.1, -98.3, 43.14, 179.83]_5594.jpg","[123.1, 74.6, 238.2, -112.18, 48.78, 152.27]","[53.8, -238.6, 108.1, -98.3, 43.14, 179.83]","0,0.440977,0.525677,0.185828,0.345646"
"[53.8, -238.6, 108.1, -98.3, 43.14, 179.83]_5846.jpg","[140.2, 79.3, 208.4, -102.32, 44.41, 159.86]","[53.8, -238.6, 108.1, -98.3, 43.14, 179.83]","0,0.460234,0.787698,0.203875,0.367396"
"[53.8, -238.6, 108.1, -98.3, 43.14, 179.83]_2790.jpg","[101.0, 68.5, 272.9, -109.58, -15.69, 172.0]","[53.8, -238.6, 108.1, -98.3, 43.14, 179.83]","0,0.518328,0.730875,0.205750,0.368333"
"[53.8, -238.6, 108.1, -98.3, 43.14, 179.83]_9015.jpg","[100.9, 69.8, 271.4, -110.52, -20.31, 171.54]","[53.8, -238.6, 108.1, -98.3, 43.14, 179.83]","0,0.432211,0.470427,0.282422,0.324354"
"[53.8, -238.6, 108.1, -98.3, 43.14, 179.83]_5548.jpg","[108.0, 65.1, 270.1, 115.14, 52.34, 19.07]","[53.8, -238.6, 108.1, -98.3, 43.14, 179.83]","0,0.428859,0.365656,0.287000,0.314063"
"[53.8, -238.6, 108.1, -98.3, 43.14, 179.83]_8738.jpg","[107.9, 65.2, 270.3, 114.85, 51.59, 18.16]","[53.8, -238.6, 108.1, -98.3, 43.14, 179.83]","0,0.703539,0.627271,0.280234,0.276542"
"[53.8, -238.6, 108.1, -98.3, 43.14, 179.83]_3941.jpg","[109.8, 65.7, 272.3, 115.89, 56.32, 20.88]","[53.8, -238.6, 108.1, -98.3, 43.14, 179.83]","0,0.701539,0.649021,0.279641,0.276375"
"[53.8, -238.6, 108.1, -98.3, 43.14, 179.83]_2639.jpg","[89.6, 162.3, 112.9, -7.55, 77.41, -77.06]","[53.8, -238.6, 108.1, -98.3, 43.14, 179.83]","0,0.730820,0.643323,0.278922,0.274562"
"[-203.6, -157.0, 132.5, -98.08, 44.96, 136.38]_6514.jpg","[-132.7, -62.2, 332.8, -155.58, 26.06, 99.97]","[-203.6, -157.0, 132.5, -98.08, 44.96, 136.38]","0,0.573625,0.195323,0.372063,0.390646"
"[-203.6, -157.0, 132.5, -98.08, 44.96, 136.38]_4842.jpg","[-131.1, -65.6, 331.8, -161.03, 30.17, 96.81]","[-203.6, -157.0, 132.5, -98.08, 44.96, 136.38]","0,0.542969,0.465469,0.343094,0.547687"
"[-203.6, -157.0, 132.5, -98.08, 44.96, 136.38]_9497.jpg","[-129.7, -64.0, 334.0, -161.41, 31.69, 94.54]","[-203.6, -157.0, 132.5, -98.08, 44.96, 136.38]","0,0.656680,0.390885,0.346922,0.566563"
"[-203.6, -157.0, 132.5, -98.08, 44.96, 136.38]_4310.jpg","[-70.7, 7.3, 352.5, -150.45, 40.05, 100.43]","[-203.6, -157.0, 132.5, -98.08, 44.96, 136.38]","0,0.641367,0.445344,0.335734,0.546563"
"[-203.6, -157.0, 132.5, -98.08, 44.96, 136.38]_7929.jpg","[-72.2, 4.2, 348.8, -147.98, 34.43, 108.61]","[-203.6, -157.0, 132.5, -98.08, 44.96, 136.38]","0,0.664586,0.512302,0.247297,0.435188"
"[-203.6, -157.0, 132.5, -98.08, 44.96, 136.38]_3180.jpg","[-19.3, 65.4, 344.6, -128.44, 44.1, 121.59]","[-203.6, -157.0, 132.5, -98.08, 44.96, 136.38]","0,0.745477,0.433937,0.257516,0.445750"
"[-203.6, -157.0, 132.5, -98.08, 44.96, 136.38]_9775.jpg","[31.1, 124.3, 275.2, -119.96, 45.6, 122.24]","[-203.6, -157.0, 132.5, -98.08, 44.96, 136.38]","0,0.804727,0.817052,0.205547,0.359854"
"[-203.6, -157.0, 132.5, -98.08, 44.96, 136.38]_3161.jpg","[-9.8, 78.3, 280.2, -112.24, 47.35, 127.51]","[-203.6, -157.0, 132.5, -98.08, 44.96, 136.38]","0,0.636875,0.567021,0.180406,0.331500"
"[-203.6, -157.0, 132.5, -98.08, 44.96, 136.38]_7292.jpg","[-31.8, 52.4, 271.3, -120.13, 45.79, 123.16]","[-203.6, -157.0, 132.5, -98.08, 44.96, 136.38]","0,0.649258,0.899625,0.202391,0.200750"
"[-203.6, -157.0, 132.5, -98.08, 44.96, 136.38]_1177.jpg","[-30.6, 52.5, 271.5, -120.68, 46.8, 123.31]","[-203.6, -157.0, 132.5, -98.08, 44.96, 136.38]","0,0.678758,0.807052,0.227797,0.385896"
"[-203.6, -157.0, 132.5, -98.08, 44.96, 136.38]_2332.jpg","[28.5, 123.5, 247.0, -113.35, 53.09, 122.83]","[-203.6, -157.0, 132.5, -98.08, 44.96, 136.38]","0,0.694516,0.813792,0.224094,0.372417"
"[-203.6, -157.0, 132.5, -98.08, 44.96, 136.38]_5355.jpg","[27.4, 121.7, 242.4, -116.65, 51.51, 121.1]","[-203.6, -157.0, 132.5, -98.08, 44.96, 136.38]","0,0.555031,0.756812,0.187250,0.329042"
"[-203.6, -157.0, 132.5, -98.08, 44.96, 136.38]_7950.jpg","[28.6, 120.6, 241.6, -116.7, 50.78, 123.37]","[-203.6, -157.0, 132.5, -98.08, 44.96, 136.38]","0,0.565297,0.650229,0.187437,0.332875"
"[-203.6, -157.0, 132.5, -98.08, 44.96, 136.38]_8139.jpg","[110.8, 56.7, 246.3, -118.47, 64.42, 105.04]","[-203.6, -157.0, 132.5, -98.08, 44.96, 136.38]","0,0.627680,0.615552,0.183891,0.335979"
"[-203.6, -157.0, 132.5, -98.08, 44.96, 136.38]_6574.jpg","[105.0, 58.1, 218.9, -139.08, 63.14, 83.44]","[-203.6, -157.0, 132.5, -98.08, 44.96, 136.38]","0,0.637734,0.752844,0.205688,0.322479"
"[-203.6, -157.0, 132.5, -98.08, 44.96, 136.38]_1495.jpg","[105.6, 58.7, 210.6, -140.5, 62.85, 81.55]","[-203.6, -157.0, 132.5, -98.08, 44.96, 136.38]","0,0.424656,0.402750,0.227625,0.338167"
"[-203.6, -157.0, 132.5, -98.08, 44.96, 136.38]_1922.jpg","[-104.6, 104.9, 219.3, -151.75, 72.58, 96.64]","[-203.6, -157.0, 132.5, -98.08, 44.96, 136.38]","0,0.377055,0.342708,0.230797,0.342125"
"[-203.6, -157.0, 132.5, -98.08, 44.96, 136.38]_7082.jpg","[-131.2, 78.5, 196.4, 108.3, 30.27, -5.2]","[-203.6, -157.0, 132.5, -98.08, 44.96, 136.38]","0,0.499609,0.690823,0.310187,0.406479"
"[-203.6, -157.0, 132.5, -98.08, 44.96, 136.38]_6338.jpg","[-159.4, -4.3, 187.0, 114.55, 42.17, 9.62]","[-203.6, -157.0, 132.5, -98.08, 44.96, 136.38]","0,0.350898,0.673052,0.353453,0.382688"
"[-203.6, -157.0, 132.5, -98.08, 44.96, 136.38]_5757.jpg","[-161.0, -3.6, 184.9, -155.8, 71.02, 102.13]","[-203.6, -157.0, 132.5, -98.08, 44.96, 136.38]","0,0.403734,0.389271,0.479969,0.510208"
"[-203.6, -157.0, 132.5, -98.08, 44.96, 136.38]_2589.jpg","[-186.7, 12.9, 194.1, -93.99, 41.35, 165.6]","[-203.6, -157.0, 132.5, -98.08, 44.96, 136.38]","0,0.623422,0.552740,0.493688,0.678063"
"[-203.6, -157.0, 132.5, -98.08, 44.96, 136.38]_4231.jpg","[-238.0, 43.2, 164.4, -85.31, 16.09, 150.49]","[-203.6, -157.0, 132.5, -98.08, 44.96, 136.38]","0,0.677336,0.979510,0.378391,0.040979"
"[-203.6, -157.0, 132.5, -98.08, 44.96, 136.38]_9685.jpg","[-214.6, 27.5, 117.6, -85.78, -18.22, 157.66]","[-203.6, -157.0, 132.5, -98.08, 44.96, 136.38]","0,0.680922,0.340510,0.468375,0.460104"
"[-203.6, -157.0, 132.5, -98.08, 44.96, 136.38]_9676.jpg","[-233.0, 43.9, 114.1, -68.16, 50.19, 178.67]","[-203.6, -157.0, 132.5, -98.08, 44.96, 136.38]","0,0.452531,0.398938,0.512813,0.608125"
"[-203.6, -157.0, 132.5, -98.08, 44.96, 136.38]_8462.jpg","[-216.9, 3.6, 105.7, -73.34, 57.97, -174.25]","[-203.6, -157.0, 132.5, -98.08, 44.96, 136.38]","0,0.389844,0.776198,0.468125,0.446979"
"[-203.6, -157.0, 132.5, -98.08, 44.96, 136.38]_9063.jpg","[-206.5, 0.0, 106.5, -79.5, 54.69, -177.69]","[-203.6, -157.0, 132.5, -98.08, 44.96, 136.38]","0,0.498641,0.737896,0.425406,0.521208"
"[-203.6, -157.0, 132.5, -98.08, 44.96, 136.38]_1964.jpg","[-182.8, 58.0, 107.2, -82.36, 49.09, 171.51]","[-203.6, -157.0, 132.5, -98.08, 44.96, 136.38]","0,0.618922,0.703167,0.408469,0.593667"
"[-203.6, -157.0, 132.5, -98.08, 44.96, 136.38]_9172.jpg","[-172.4, 48.0, 84.5, -84.0, 49.74, 169.37]","[-203.6, -157.0, 132.5, -98.08, 44.96, 136.38]","0,0.476273,0.787375,0.291547,0.425208"
"[-203.6, -157.0, 132.5, -98.08, 44.96, 136.38]_5063.jpg","[-169.7, 45.2, 83.5, -86.49, 47.68, 168.11]","[-203.6, -157.0, 132.5, -98.08, 44.96, 136.38]","0,0.509477,0.559125,0.298297,0.539458"
"[-203.6, -157.0, 132.5, -98.08, 44.96, 136.38]_6283.jpg","[-164.6, 39.8, 238.0, -113.72, 38.7, 147.32]","[-203.6, -157.0, 132.5, -98.08, 44.96, 136.38]","0,0.565312,0.489667,0.309688,0.541208"
"[-203.6, -157.0, 132.5, -98.08, 44.96, 136.38]_7717.jpg","[29.2, -208.9, 257.4, -124.24, 45.77, 94.57]","[-203.6, -157.0, 132.5, -98.08, 44.96, 136.38]","0,0.564336,0.821208,0.309297,0.356833"
"[-203.6, -157.0, 132.5, -98.08, 44.96, 136.38]_1640.jpg","[-53.1, -242.1, 150.9, -117.13, 38.36, 64.36]","[-203.6, -157.0, 132.5, -98.08, 44.96, 136.38]","0,0.715437,0.399312,0.492125,0.797292"
"[-203.6, -157.0, 132.5, -98.08, 44.96, 136.38]_6578.jpg","[-52.8, -241.6, 150.3, -117.69, 37.8, 63.47]","[-203.6, -157.0, 132.5, -98.08, 44.96, 136.38]","0,0.502289,0.493823,0.514391,0.841771"
"[-203.6, -157.0, 132.5, -98.08, 44.96, 136.38]_6967.jpg","[-52.1, -240.9, 149.5, -119.17, 36.76, 61.42]","[-203.6, -157.0, 132.5, -98.08, 44.96, 136.38]","0,0.485711,0.451500,0.512547,0.837083"
"[-203.6, -157.0, 132.5, -98.08, 44.96, 136.38]_1452.jpg","[-63.0, -207.3, 244.4, -133.52, 29.04, 64.82]","[-203.6, -157.0, 132.5, -98.08, 44.96, 136.38]","0,0.443203,0.402031,0.514437,0.803812"
"[-203.6, -157.0, 132.5, -98.08, 44.96, 136.38]_9736.jpg","[-61.8, -189.4, 269.8, -141.36, 26.47, 67.88]","[-203.6, -157.0, 132.5, -98.08, 44.96, 136.38]","0,0.424445,0.668260,0.469953,0.663479"
"[-203.6, -157.0, 132.5, -98.08, 44.96, 136.38]_1028.jpg","[-65.4, -150.5, 295.0, -136.03, 30.48, 74.81]","[-203.6, -157.0, 132.5, -98.08, 44.96, 136.38]","0,0.511914,0.627958,0.429203,0.678792"
"[-203.6, -157.0, 132.5, -98.08, 44.96, 136.38]_9079.jpg","[-46.9, -101.7, 297.5, -140.59, 27.69, 94.77]","[-203.6, -157.0, 132.5, -98.08, 44.96, 136.38]","0,0.375633,0.835042,0.373141,0.329542"
"[-203.6, -157.0, 132.5, -98.08, 44.96, 136.38]_0776.jpg","[-27.9, -127.6, 297.4, -146.84, 35.93, 80.96]","[-203.6, -157.0, 132.5, -98.08, 44.96, 136.38]","0,0.694023,0.561865,0.332703,0.559021"
"[-203.6, -157.0, 132.5, -98.08, 44.96, 136.38]_4884.jpg","[-90.6, -243.8, 170.3, -128.78, 32.87, 53.49]","[-203.6, -157.0, 132.5, -98.08, 44.96, 136.38]","0,0.688523,0.515865,0.333359,0.561604"
"[-203.6, -157.0, 132.5, -98.08, 44.96, 136.38]_0676.jpg","[-96.7, -276.6, 163.5, -131.06, 63.29, 53.7]","[-203.6, -157.0, 132.5, -98.08, 44.96, 136.38]","0,0.365734,0.499771,0.683750,0.999542"
"[-203.6, -157.0, 132.5, -98.08, 44.96, 136.38]_9061.jpg","[-102.2, -242.5, 174.5, 95.45, 53.86, -74.47]","[-203.6, -157.0, 132.5, -98.08, 44.96, 136.38]","0,0.824547,0.625073,0.350906,0.745188"
"[-203.6, -157.0, 132.5, -98.08, 44.96, 136.38]_2611.jpg","[-98.0, -238.5, 160.8, 94.49, 49.59, -73.46]","[-203.6, -157.0, 132.5, -98.08, 44.96, 136.38]","0,0.803594,0.586010,0.392812,0.822479"
"[-203.6, -157.0, 132.5, -98.08, 44.96, 136.38]_0664.jpg","[-18.9, -197.3, 149.5, -96.98, 44.56, 90.07]","[-203.6, -157.0, 132.5, -98.08, 44.96, 136.38]","0,0.441531,0.683073,0.390437,0.633854"
"[-203.6, -157.0, 132.5, -98.08, 44.96, 136.38]_4875.jpg","[-111.6, -3.0, 314.9, -127.74, 31.06, 126.86]","[-203.6, -157.0, 132.5, -98.08, 44.96, 136.38]","0,0.449289,0.774781,0.384922,0.450437"
"[-203.6, -157.0, 132.5, -98.08, 44.96, 136.38]_9080.jpg","[-108.1, -3.7, 305.5, -134.08, 29.65, 122.96]","[-203.6, -157.0, 132.5, -98.08, 44.96, 136.38]","0,0.540477,0.848313,0.289672,0.302458"
"[-203.6, -157.0, 132.5, -98.08, 44.96, 136.38]_1176.jpg","[-27.9, -185.3, 308.1, -93.36, 50.08, 93.67]","[-203.6, -157.0, 132.5, -98.08, 44.96, 136.38]","0,0.575602,0.664458,0.299922,0.515292"
"[-203.6, -157.0, 132.5, -98.08, 44.96, 136.38]_0097.jpg","[-37.9, -162.6, 71.5, -96.83, -25.06, 99.91]","[-203.6, -157.0, 132.5, -98.08, 44.96, 136.38]","0,0.452625,0.538292,0.415875,0.709208"
"[-203.6, -157.0, 132.5, -98.08, 44.96, 136.38]_2354.jpg","[1.8, -215.0, 83.0, 36.94, -52.11, -51.05]","[-203.6, -157.0, 132.5, -98.08, 44.96, 136.38]","0,0.676297,0.607021,0.386187,0.468833"
"[-203.6, -157.0, 132.5, -98.08, 44.96, 136.38]_2286.jpg","[2.8, -215.7, 82.9, 35.76, -51.27, -50.48]","[-203.6, -157.0, 132.5, -98.08, 44.96, 136.38]","0,0.669922,0.209375,0.372344,0.418750"
"[-203.6, -157.0, 132.5, -98.08, 44.96, 136.38]_7200.jpg","[-20.4, -186.4, 165.6, -103.58, -43.33, 92.91]","[-203.6, -157.0, 132.5, -98.08, 44.96, 136.38]","0,0.667266,0.188448,0.367031,0.375188"
"[-203.6, -157.0, 132.5, -98.08, 44.96, 136.38]_0345.jpg","[-43.9, -135.4, 224.3, -144.1, 40.86, 64.49]","[-203.6, -157.0, 132.5, -98.08, 44.96, 136.38]","0,0.598055,0.275802,0.492297,0.505854"
"[-203.6, -157.0, 132.5, -98.08, 44.96, 136.38]_4629.jpg","[-57.3, -108.2, 264.2, -138.81, 33.34, 72.64]","[-203.6, -157.0, 132.5, -98.08, 44.96, 136.38]","0,0.203109,0.316437,0.405781,0.632875"
"[-203.6, -157.0, 132.5, -98.08, 44.96, 136.38]_8179.jpg","[-20.6, -202.6, 306.1, -90.06, 37.0, 117.47]","[-203.6, -157.0, 132.5, -98.08, 44.96, 136.38]","0,0.141250,0.521448,0.282500,0.630479"
"[-203.6, -157.0, 132.5, -98.08, 44.96, 136.38]_6703.jpg","[124.3, -33.1, 270.0, -131.56, 42.23, 98.59]","[-203.6, -157.0, 132.5, -98.08, 44.96, 136.38]","0,0.294867,0.705656,0.450672,0.462438"
"[-203.6, -157.0, 132.5, -98.08, 44.96, 136.38]_7882.jpg","[127.9, -25.8, 270.0, -127.53, 40.12, 105.38]","[-203.6, -157.0, 132.5, -98.08, 44.96, 136.38]","0,0.774023,0.259813,0.199641,0.356292"
"[-203.6, -157.0, 132.5, -98.08, 44.96, 136.38]_9558.jpg","[111.0, -70.0, 269.0, -138.45, 48.5, 79.3]","[-203.6, -157.0, 132.5, -98.08, 44.96, 136.38]","0,0.841367,0.360708,0.193703,0.345083"
"[-203.6, -157.0, 132.5, -98.08, 44.96, 136.38]_2465.jpg","[-92.7, -94.2, 320.6, -158.16, 22.97, 103.75]","[-203.6, -157.0, 132.5, -98.08, 44.96, 136.38]","0,0.580570,0.297344,0.225641,0.385354"
"[-203.6, -157.0, 132.5, -98.08, 44.96, 136.38]_8403.jpg","[-200.3, -106.6, 278.5, -154.8, 19.56, 112.54]","[-203.6, -157.0, 132.5, -98.08, 44.96, 136.38]","0,0.793445,0.206896,0.331234,0.413792"
"[-203.6, -157.0, 132.5, -98.08, 44.96, 136.38]_0179.jpg","[-200.5, -122.8, 270.3, -156.11, 18.03, 113.75]","[-203.6, -157.0, 132.5, -98.08, 44.96, 136.38]","0,0.390672,0.542646,0.588688,0.822750"
"[-203.6, -157.0, 132.5, -98.08, 44.96, 136.38]_2826.jpg","[-199.7, -123.1, 270.4, -156.39, 18.74, 113.73]","[-203.6, -157.0, 132.5, -98.08, 44.96, 136.38]","0,0.506750,0.579510,0.654438,0.839313"
"[-203.6, -157.0, 132.5, -98.08, 44.96, 136.38]_2456.jpg","[-124.7, -105.9, 322.2, -150.57, 15.26, 112.93]","[-203.6, -157.0, 132.5, -98.08, 44.96, 136.38]","0,0.540305,0.591427,0.652516,0.815896"
"[-203.6, -157.0, 132.5, -98.08, 44.96, 136.38]_7938.jpg","[-126.5, -103.4, 324.5, -149.17, 13.14, 111.28]","[-203.6, -157.0, 132.5, -98.08, 44.96, 136.38]","0,0.761359,0.519156,0.377687,0.590437"
"[-203.6, -157.0, 132.5, -98.08, 44.96, 136.38]_4324.jpg","[-122.4, -111.8, 330.4, -145.67, 22.44, 115.87]","[-203.6, -157.0, 132.5, -98.08, 44.96, 136.38]","0,0.626352,0.490438,0.379797,0.588583"
"[-203.6, -157.0, 132.5, -98.08, 44.96, 136.38]_8271.jpg","[-259.5, -51.3, 223.5, 156.55, 48.66, 45.99]","[-203.6, -157.0, 132.5, -98.08, 44.96, 136.38]","0,0.836656,0.814896,0.325687,0.370167"
"[-203.6, -157.0, 132.5, -98.08, 44.96, 136.38]_1868.jpg","[-259.7, -41.7, 194.0, 94.84, -76.07, -20.26]","[-203.6, -157.0, 132.5, -98.08, 44.96, 136.38]","0,0.897969,0.761333,0.204063,0.477333"
"[-203.6, -157.0, 132.5, -98.08, 44.96, 136.38]_4058.jpg","[-266.6, -36.3, 209.5, 113.72, -61.14, -34.88]","[-203.6, -157.0, 132.5, -98.08, 44.96, 136.38]","0,0.712414,0.369833,0.575172,0.736333"
"[-203.6, -157.0, 132.5, -98.08, 44.96, 136.38]_8817.jpg","[40.4, -109.2, 325.4, 116.96, 25.7, -53.36]","[-203.6, -157.0, 132.5, -98.08, 44.96, 136.38]","0,0.783609,0.357708,0.432688,0.709167"
"[-203.6, -157.0, 132.5, -98.08, 44.96, 136.38]_6288.jpg","[63.2, -114.2, 297.3, 118.52, 27.17, -53.84]","[-203.6, -157.0, 132.5, -98.08, 44.96, 136.38]","0,0.723570,0.677604,0.318453,0.349000"
"[-203.6, -157.0, 132.5, -98.08, 44.96, 136.38]_2340.jpg","[-164.7, 29.9, 350.4, 88.91, 8.14, -56.32]","[-203.6, -157.0, 132.5, -98.08, 44.96, 136.38]","0,0.544016,0.741844,0.317125,0.346271"
"[-203.6, -157.0, 132.5, -98.08, 44.96, 136.38]_6071.jpg","[-15.5, 173.5, 161.9, -86.45, 47.41, 149.46]","[-203.6, -157.0, 132.5, -98.08, 44.96, 136.38]","0,0.730367,0.233146,0.320234,0.465625"
"[-203.6, -157.0, 132.5, -98.08, 44.96, 136.38]_7795.jpg","[-65.5, 152.1, 82.1, 36.09, 83.7, -106.4]","[-203.6, -157.0, 132.5, -98.08, 44.96, 136.38]","0,0.481398,0.907990,0.177297,0.184021"
"[8.5, -239.2, 155.4, 94.12, -42.07, 56.57]_4461.jpg","[-46.1, -50.9, 347.0, -135.76, 0.63, -152.6]","[8.5, -239.2, 155.4, 94.12, -42.07, 56.57]","0,0.686383,0.826875,0.243391,0.346250"
"[8.5, -239.2, 155.4, 94.12, -42.07, 56.57]_8199.jpg","[-37.5, -47.7, 348.3, -147.78, 36.8, 179.63]","[8.5, -239.2, 155.4, 94.12, -42.07, 56.57]","0,0.709633,0.568354,0.338641,0.440125"
"[8.5, -239.2, 155.4, 94.12, -42.07, 56.57]_0820.jpg","[-42.1, -49.7, 348.0, -151.77, 37.64, 166.23]","[8.5, -239.2, 155.4, 94.12, -42.07, 56.57]","0,0.869648,0.637958,0.260703,0.464958"
"[8.5, -239.2, 155.4, 94.12, -42.07, 56.57]_8202.jpg","[-48.2, -49.5, 363.4, -139.16, 39.85, 165.84]","[8.5, -239.2, 155.4, 94.12, -42.07, 56.57]","0,0.615453,0.589250,0.270500,0.470625"
"[8.5, -239.2, 155.4, 94.12, -42.07, 56.57]_1587.jpg","[-44.3, -51.7, 352.7, -145.02, 35.01, 170.14]","[8.5, -239.2, 155.4, 94.12, -42.07, 56.57]","0,0.381461,0.911104,0.250516,0.177750"
"[8.5, -239.2, 155.4, 94.12, -42.07, 56.57]_9928.jpg","[-44.9, -48.7, 353.9, -143.57, 35.21, 171.08]","[8.5, -239.2, 155.4, 94.12, -42.07, 56.57]","0,0.526945,0.723146,0.268203,0.460500"
"[8.5, -239.2, 155.4, 94.12, -42.07, 56.57]_2039.jpg","[-77.9, 123.7, 239.9, -109.04, 41.56, -173.79]","[8.5, -239.2, 155.4, 94.12, -42.07, 56.57]","0,0.527727,0.761615,0.260141,0.453187"
"[8.5, -239.2, 155.4, 94.12, -42.07, 56.57]_1832.jpg","[-67.6, 72.3, 224.4, -107.97, 43.52, -171.91]","[8.5, -239.2, 155.4, 94.12, -42.07, 56.57]","0,0.468570,0.754552,0.191203,0.317479"
"[8.5, -239.2, 155.4, 94.12, -42.07, 56.57]_3496.jpg","[-67.1, 68.6, 219.4, -113.9, 43.94, -175.73]","[8.5, -239.2, 155.4, 94.12, -42.07, 56.57]","0,0.478773,0.818010,0.211266,0.360062"
"[8.5, -239.2, 155.4, 94.12, -42.07, 56.57]_4828.jpg","[-66.4, 68.2, 218.3, -115.49, 44.73, -177.12]","[8.5, -239.2, 155.4, 94.12, -42.07, 56.57]","0,0.487258,0.640104,0.216859,0.374000"
"[8.5, -239.2, 155.4, 94.12, -42.07, 56.57]_1168.jpg","[-25.6, 92.8, 209.7, -111.57, 49.01, 178.81]","[8.5, -239.2, 155.4, 94.12, -42.07, 56.57]","0,0.484609,0.607375,0.217250,0.377625"
"[8.5, -239.2, 155.4, 94.12, -42.07, 56.57]_2861.jpg","[106.4, 50.5, 218.5, -96.78, 51.97, 170.57]","[8.5, -239.2, 155.4, 94.12, -42.07, 56.57]","0,0.483633,0.634021,0.215453,0.373583"
"[8.5, -239.2, 155.4, 94.12, -42.07, 56.57]_9617.jpg","[82.8, 37.1, 195.8, -110.31, 48.17, 159.1]","[8.5, -239.2, 155.4, 94.12, -42.07, 56.57]","0,0.491570,0.936583,0.252578,0.126833"
"[8.5, -239.2, 155.4, 94.12, -42.07, 56.57]_3224.jpg","[76.5, 36.5, 186.8, -116.06, 49.27, 154.75]","[8.5, -239.2, 155.4, 94.12, -42.07, 56.57]","0,0.339633,0.570177,0.267953,0.466354"
"[8.5, -239.2, 155.4, 94.12, -42.07, 56.57]_3004.jpg","[80.0, 35.6, 190.4, -109.76, 47.99, 163.56]","[8.5, -239.2, 155.4, 94.12, -42.07, 56.57]","0,0.297055,0.371573,0.275797,0.478979"
"[8.5, -239.2, 155.4, 94.12, -42.07, 56.57]_3650.jpg","[96.0, 41.4, 160.8, -98.04, -3.24, 167.22]","[8.5, -239.2, 155.4, 94.12, -42.07, 56.57]","0,0.372898,0.482500,0.275578,0.491542"
"[8.5, -239.2, 155.4, 94.12, -42.07, 56.57]_1797.jpg","[89.7, 41.2, 156.4, -100.85, -9.44, 166.55]","[8.5, -239.2, 155.4, 94.12, -42.07, 56.57]","0,0.466398,0.246115,0.376922,0.488396"
"[8.5, -239.2, 155.4, 94.12, -42.07, 56.57]_7962.jpg","[87.2, 40.4, 153.9, -102.04, -11.08, 168.31]","[8.5, -239.2, 155.4, 94.12, -42.07, 56.57]","0,0.557078,0.143729,0.387844,0.287458"
"[8.5, -239.2, 155.4, 94.12, -42.07, 56.57]_2538.jpg","[93.3, 41.1, 158.6, -100.95, -33.22, 172.42]","[8.5, -239.2, 155.4, 94.12, -42.07, 56.57]","0,0.625938,0.139094,0.399375,0.275979"
"[8.5, -239.2, 155.4, 94.12, -42.07, 56.57]_8599.jpg","[116.7, 50.3, 138.8, -94.4, -47.72, 158.84]","[8.5, -239.2, 155.4, 94.12, -42.07, 56.57]","0,0.713523,0.189438,0.365797,0.374875"
"[8.5, -239.2, 155.4, 94.12, -42.07, 56.57]_6884.jpg","[124.9, 50.7, 141.6, -90.0, -49.48, 158.11]","[8.5, -239.2, 155.4, 94.12, -42.07, 56.57]","0,0.726961,0.079937,0.339047,0.159417"
"[8.5, -239.2, 155.4, 94.12, -42.07, 56.57]_0066.jpg","[126.4, 49.5, 129.8, -91.51, -48.86, 161.9]","[8.5, -239.2, 155.4, 94.12, -42.07, 56.57]","0,0.621055,0.152792,0.333484,0.302292"
"[8.5, -239.2, 155.4, 94.12, -42.07, 56.57]_3861.jpg","[125.2, 49.3, 115.4, -92.9, -47.87, 162.87]","[8.5, -239.2, 155.4, 94.12, -42.07, 56.57]","0,0.696203,0.243406,0.335344,0.342021"
"[8.5, -239.2, 155.4, 94.12, -42.07, 56.57]_2864.jpg","[124.7, 49.2, 115.2, -93.13, -47.3, 163.03]","[8.5, -239.2, 155.4, 94.12, -42.07, 56.57]","0,0.824641,0.249604,0.333844,0.341583"
"[8.5, -239.2, 155.4, 94.12, -42.07, 56.57]_5074.jpg","[48.8, 30.7, 289.9, -108.88, 7.3, 176.85]","[8.5, -239.2, 155.4, 94.12, -42.07, 56.57]","0,0.827656,0.245604,0.334750,0.337542"
"[8.5, -239.2, 155.4, 94.12, -42.07, 56.57]_6316.jpg","[-165.3, -14.1, 143.0, 101.66, 43.83, 45.71]","[8.5, -239.2, 155.4, 94.12, -42.07, 56.57]","0,0.343742,0.670646,0.305328,0.468750"
"[8.5, -239.2, 155.4, 94.12, -42.07, 56.57]_3886.jpg","[-168.5, -13.8, 123.8, 100.62, 42.9, 47.71]","[8.5, -239.2, 155.4, 94.12, -42.07, 56.57]","0,0.310930,0.789667,0.292359,0.312000"
"[8.5, -239.2, 155.4, 94.12, -42.07, 56.57]_8026.jpg","[-162.5, -10.5, 125.0, 100.58, 44.58, 52.41]","[8.5, -239.2, 155.4, 94.12, -42.07, 56.57]","0,0.242281,0.773344,0.285281,0.286229"
"[8.5, -239.2, 155.4, 94.12, -42.07, 56.57]_2605.jpg","[-163.2, -11.0, 124.1, 100.32, 44.62, 51.55]","[8.5, -239.2, 155.4, 94.12, -42.07, 56.57]","0,0.255781,0.524719,0.292156,0.321896"
"[8.5, -239.2, 155.4, 94.12, -42.07, 56.57]_7806.jpg","[-228.7, -32.5, 162.8, 115.2, 71.34, 40.44]","[8.5, -239.2, 155.4, 94.12, -42.07, 56.57]","0,0.255516,0.552906,0.291500,0.324646"
"[8.5, -239.2, 155.4, 94.12, -42.07, 56.57]_3812.jpg","[-122.9, -8.6, 256.5, -99.97, -45.0, -149.39]","[8.5, -239.2, 155.4, 94.12, -42.07, 56.57]","0,0.076508,0.444865,0.152547,0.482313"
"[8.5, -239.2, 155.4, 94.12, -42.07, 56.57]_9525.jpg","[-183.1, -22.9, 272.5, -89.89, -19.51, -167.38]","[8.5, -239.2, 155.4, 94.12, -42.07, 56.57]","0,0.193195,0.153531,0.311641,0.305771"
"[8.5, -239.2, 155.4, 94.12, -42.07, 56.57]_8936.jpg","[-117.3, -205.9, 185.9, -127.0, 54.55, -144.13]","[8.5, -239.2, 155.4, 94.12, -42.07, 56.57]","0,0.531141,0.493469,0.429031,0.670104"
"[8.5, -239.2, 155.4, 94.12, -42.07, 56.57]_0267.jpg","[-117.9, -205.0, 183.7, -130.24, 54.16, -146.63]","[8.5, -239.2, 155.4, 94.12, -42.07, 56.57]","0,0.365672,0.501021,0.443625,0.762708"
"[8.5, -239.2, 155.4, 94.12, -42.07, 56.57]_5658.jpg","[-72.2, -162.1, 276.9, -146.25, 32.73, -160.25]","[8.5, -239.2, 155.4, 94.12, -42.07, 56.57]","0,0.355086,0.413469,0.442578,0.770979"
"[8.5, -239.2, 155.4, 94.12, -42.07, 56.57]_3096.jpg","[-39.8, -178.9, 283.9, -147.49, 17.58, -156.9]","[8.5, -239.2, 155.4, 94.12, -42.07, 56.57]","0,0.685141,0.503958,0.410687,0.686542"
"[8.5, -239.2, 155.4, 94.12, -42.07, 56.57]_5326.jpg","[-42.4, -131.6, 318.5, -137.84, 12.96, -155.25]","[8.5, -239.2, 155.4, 94.12, -42.07, 56.57]","0,0.648922,0.456469,0.476094,0.766021"
"[8.5, -239.2, 155.4, 94.12, -42.07, 56.57]_9676.jpg","[-43.9, -125.4, 316.9, -139.83, 12.26, -156.73]","[8.5, -239.2, 155.4, 94.12, -42.07, 56.57]","0,0.597797,0.662052,0.401187,0.581312"
"[8.5, -239.2, 155.4, 94.12, -42.07, 56.57]_8614.jpg","[-43.8, -126.1, 314.1, -141.54, 13.03, -157.05]","[8.5, -239.2, 155.4, 94.12, -42.07, 56.57]","0,0.629437,0.550656,0.392812,0.589646"
"[8.5, -239.2, 155.4, 94.12, -42.07, 56.57]_7959.jpg","[-74.5, -234.3, 181.8, -153.81, 71.81, -165.97]","[8.5, -239.2, 155.4, 94.12, -42.07, 56.57]","0,0.671477,0.506896,0.400047,0.595167"
"[8.5, -239.2, 155.4, 94.12, -42.07, 56.57]_4963.jpg","[-71.4, -228.7, 163.7, 132.08, 63.23, 120.77]","[8.5, -239.2, 155.4, 94.12, -42.07, 56.57]","0,0.426344,0.683104,0.653813,0.633792"
"[8.5, -239.2, 155.4, 94.12, -42.07, 56.57]_8152.jpg","[-119.7, -197.5, 195.8, 143.4, 67.17, 117.41]","[8.5, -239.2, 155.4, 94.12, -42.07, 56.57]","0,0.349328,0.483021,0.698656,0.966042"
"[8.5, -239.2, 155.4, 94.12, -42.07, 56.57]_4881.jpg","[-115.6, -166.5, 247.1, 176.56, 64.67, 145.9]","[8.5, -239.2, 155.4, 94.12, -42.07, 56.57]","0,0.312109,0.711604,0.564719,0.576792"
"[8.5, -239.2, 155.4, 94.12, -42.07, 56.57]_0489.jpg","[-54.1, -22.1, 316.3, -140.47, 16.08, 179.46]","[8.5, -239.2, 155.4, 94.12, -42.07, 56.57]","0,0.455047,0.745635,0.468906,0.508521"
"[8.5, -239.2, 155.4, 94.12, -42.07, 56.57]_2498.jpg","[97.9, -154.0, 303.4, -141.66, -5.48, -131.68]","[8.5, -239.2, 155.4, 94.12, -42.07, 56.57]","0,0.464078,0.175979,0.272250,0.351958"
"[8.5, -239.2, 155.4, 94.12, -42.07, 56.57]_9845.jpg","[129.4, -83.1, 205.1, -111.28, -8.15, 159.4]","[8.5, -239.2, 155.4, 94.12, -42.07, 56.57]","0,0.357172,0.615667,0.455500,0.765333"
"[8.5, -239.2, 155.4, 94.12, -42.07, 56.57]_8291.jpg","[135.0, -67.0, 203.2, -113.28, -7.69, 162.4]","[8.5, -239.2, 155.4, 94.12, -42.07, 56.57]","0,0.569687,0.470083,0.608437,0.792750"
"[8.5, -239.2, 155.4, 94.12, -42.07, 56.57]_4426.jpg","[72.2, -88.4, 260.7, -134.67, 37.86, 152.31]","[8.5, -239.2, 155.4, 94.12, -42.07, 56.57]","0,0.733563,0.468260,0.532875,0.703687"
"[8.5, -239.2, 155.4, 94.12, -42.07, 56.57]_4223.jpg","[70.8, -88.6, 260.3, -138.64, 41.19, 147.03]","[8.5, -239.2, 155.4, 94.12, -42.07, 56.57]","0,0.597914,0.694458,0.421609,0.611083"
"[8.5, -239.2, 155.4, 94.12, -42.07, 56.57]_1718.jpg","[106.4, -78.4, 242.4, -123.18, 26.38, 154.91]","[8.5, -239.2, 155.4, 94.12, -42.07, 56.57]","0,0.548484,0.675802,0.425250,0.648396"
"[8.5, -239.2, 155.4, 94.12, -42.07, 56.57]_3805.jpg","[148.7, -65.0, 182.9, -105.14, -17.57, 161.12]","[8.5, -239.2, 155.4, 94.12, -42.07, 56.57]","0,0.603766,0.689167,0.416719,0.621667"
"[8.5, -239.2, 155.4, 94.12, -42.07, 56.57]_9957.jpg","[149.3, -64.6, 178.5, -104.68, -18.47, 160.47]","[8.5, -239.2, 155.4, 94.12, -42.07, 56.57]","0,0.682898,0.544958,0.572641,0.664833"
"[8.5, -239.2, 155.4, 94.12, -42.07, 56.57]_8911.jpg","[-27.4, -141.8, 289.1, -147.32, 33.78, 167.19]","[8.5, -239.2, 155.4, 94.12, -42.07, 56.57]","0,0.698828,0.512354,0.561406,0.669208"
"[8.5, -239.2, 155.4, 94.12, -42.07, 56.57]_1898.jpg","[-13.9, -140.8, 284.6, -151.57, 40.75, 166.07]","[8.5, -239.2, 155.4, 94.12, -42.07, 56.57]","0,0.344359,0.661958,0.416781,0.676083"
"[8.5, -239.2, 155.4, 94.12, -42.07, 56.57]_7895.jpg","[28.0, -109.1, 304.5, -137.92, 37.59, 171.75]","[8.5, -239.2, 155.4, 94.12, -42.07, 56.57]","0,0.568828,0.687719,0.439719,0.623563"
"[8.5, -239.2, 155.4, 94.12, -42.07, 56.57]_1070.jpg","[134.7, -66.6, 204.7, -114.08, 6.24, 163.13]","[8.5, -239.2, 155.4, 94.12, -42.07, 56.57]","0,0.648695,0.453437,0.129672,0.077042;0,0.752031,0.883052,0.385625,0.233896"
"[8.5, -239.2, 155.4, 94.12, -42.07, 56.57]_4162.jpg","[128.4, -86.0, 110.6, -107.13, 39.25, 174.65]","[8.5, -239.2, 155.4, 94.12, -42.07, 56.57]","0,0.758641,0.590635,0.482719,0.744729"
"[8.5, -239.2, 155.4, 94.12, -42.07, 56.57]_1572.jpg","[144.9, -66.5, 143.3, -100.68, -13.87, 153.61]","[8.5, -239.2, 155.4, 94.12, -42.07, 56.57]","0,0.727398,0.480188,0.534078,0.960375"
"[8.5, -239.2, 155.4, 94.12, -42.07, 56.57]_7768.jpg","[150.4, -35.7, 144.2, -100.21, -18.11, 155.1]","[8.5, -239.2, 155.4, 94.12, -42.07, 56.57]","0,0.607414,0.326417,0.595484,0.650375"
"[8.5, -239.2, 155.4, 94.12, -42.07, 56.57]_3250.jpg","[148.1, -39.1, 142.5, -102.32, -15.84, 156.82]","[8.5, -239.2, 155.4, 94.12, -42.07, 56.57]","0,0.653867,0.265990,0.508672,0.530521"
"[8.5, -239.2, 155.4, 94.12, -42.07, 56.57]_2860.jpg","[77.4, -136.3, 116.3, -102.29, 22.95, 151.93]","[8.5, -239.2, 155.4, 94.12, -42.07, 56.57]","0,0.706961,0.259823,0.524297,0.514354"
"[8.5, -239.2, 155.4, 94.12, -42.07, 56.57]_4714.jpg","[-70.4, -225.7, 154.2, -90.18, 25.25, 162.16]","[8.5, -239.2, 155.4, 94.12, -42.07, 56.57]","0,0.141875,0.310135,0.283750,0.617646"
"[8.5, -239.2, 155.4, 94.12, -42.07, 56.57]_9278.jpg","[-118.5, -125.5, 177.5, 90.8, 64.58, 58.02]","[8.5, -239.2, 155.4, 94.12, -42.07, 56.57]","0,0.663844,0.882729,0.347687,0.234542"
"[8.5, -239.2, 155.4, 94.12, -42.07, 56.57]_6471.jpg","[-94.1, -94.7, 159.4, -94.67, 62.98, -129.46]","[8.5, -239.2, 155.4, 94.12, -42.07, 56.57]","0,0.725641,0.844094,0.448156,0.311813"
"[8.5, -239.2, 155.4, 94.12, -42.07, 56.57]_6924.jpg","[-101.1, -103.8, 127.8, -88.49, 62.48, -127.45]","[8.5, -239.2, 155.4, 94.12, -42.07, 56.57]","0,0.763813,0.785667,0.351625,0.428667"
"[8.5, -239.2, 155.4, 94.12, -42.07, 56.57]_3682.jpg","[-108.1, -115.2, 92.8, -90.81, 69.87, -126.91]","[8.5, -239.2, 155.4, 94.12, -42.07, 56.57]","0,0.574383,0.728146,0.392359,0.543708"
"[8.5, -239.2, 155.4, 94.12, -42.07, 56.57]_4446.jpg","[-107.9, -115.0, 92.7, -90.53, 69.52, -127.08]","[8.5, -239.2, 155.4, 94.12, -42.07, 56.57]","0,0.391656,0.416781,0.410750,0.680188"
"[8.5, -239.2, 155.4, 94.12, -42.07, 56.57]_0898.jpg","[-106.8, -112.7, 92.3, -87.07, 71.98, -127.5]","[8.5, -239.2, 155.4, 94.12, -42.07, 56.57]","0,0.385047,0.426812,0.403344,0.665125"
"[8.5, -239.2, 155.4, 94.12, -42.07, 56.57]_0950.jpg","[-157.4, -176.6, 24.2, 71.07, 30.45, 43.73]","[8.5, -239.2, 155.4, 94.12, -42.07, 56.57]","0,0.320047,0.559260,0.404594,0.654813"
